t,x,y,yaw,u,tl,tr,delta,wp,err,r,moment
4.3,-0.000,-0.000,0.000,-0.000,63.7,63.7,0.000,0,0.000,0.000,-0.0
4.6,-0.000,-0.000,0.000,0.000,63.7,63.7,-0.000,0,0.000,0.000,0.0
4.9,-0.000,-0.000,0.000,-0.000,63.7,63.7,0.000,0,0.000,0.000,-0.0
5.2,0.000,0.000,0.000,0.006,63.1,63.1,0.015,0,-0.000,0.000,-0.0
5.5,0.066,0.000,0.000,0.379,32.3,32.3,0.018,0,-0.000,0.000,-0.0
5.8,0.246,0.000,0.000,0.754,1.3,1.3,0.001,0,-0.000,0.000,-0.0
6.1,0.536,0.000,0.000,1.118,0.0,0.0,0.000,0,-0.000,0.000,-0.0
6.4,0.933,0.000,-0.000,1.460,0.0,0.0,-0.043,0,0.000,-0.003,0.6
6.7,1.398,0.001,-0.002,1.606,0.0,0.0,-0.065,0,0.001,-0.004,1.2
7.0,1.873,0.001,-0.002,1.569,0.0,0.0,-0.031,0,0.002,-0.001,0.5
7.3,2.336,0.001,-0.002,1.524,0.0,0.0,-0.022,0,0.002,-0.001,0.4
7.6,2.786,0.000,-0.003,1.481,0.0,0.0,-0.012,0,0.003,0.000,0.2
7.9,3.223,-0.002,-0.000,1.440,0.0,0.0,0.187,0,0.000,0.012,-2.7
8.2,3.648,-0.005,0.003,1.400,0.0,0.0,0.159,0,-0.002,0.008,-2.2
8.5,4.061,-0.006,0.005,1.362,0.0,0.0,0.168,0,-0.005,0.007,-2.2
8.8,4.463,-0.007,0.006,1.326,0.0,0.0,0.102,0,-0.006,0.003,-1.2
9.1,4.855,-0.003,0.001,1.290,-0.0,0.0,-0.305,0,-0.001,-0.027,6.1
9.4,5.235,0.004,-0.008,1.254,-0.0,0.0,-0.305,0,0.008,-0.034,8.8
9.7,5.606,0.011,-0.019,1.219,-0.0,0.0,-0.305,0,0.018,-0.036,10.1
10.0,5.966,0.016,-0.029,1.186,-0.0,0.0,-0.305,0,0.028,-0.034,10.8
10.3,6.316,0.014,-0.032,1.156,0.0,0.0,-0.039,0,0.031,0.011,0.4
10.6,6.658,0.003,-0.023,1.126,0.0,-0.0,0.305,0,0.023,0.036,-6.1
10.9,6.990,-0.013,-0.011,1.095,0.0,-0.0,0.305,0,0.012,0.045,-9.5
11.2,7.313,-0.029,0.003,1.063,0.0,-0.0,0.305,0,-0.001,0.047,-11.1
11.5,7.627,-0.041,0.013,1.036,0.0,-0.0,0.305,0,-0.010,0.022,-6.3
11.8,7.934,-0.044,0.012,1.011,-0.0,0.0,-0.305,0,-0.010,-0.014,2.4
12.1,8.233,-0.039,0.005,0.986,-0.0,0.0,-0.305,0,-0.003,-0.031,7.0
12.4,8.524,-0.031,-0.006,0.961,-0.0,0.0,-0.305,0,0.008,-0.037,9.5
12.7,8.808,-0.022,-0.017,0.935,-0.0,0.0,-0.305,0,0.018,-0.038,10.8
13.0,9.085,-0.017,-0.023,0.913,-0.0,0.0,-0.305,0,0.024,-0.003,3.0
13.3,9.355,-0.021,-0.019,0.892,0.0,-0.0,0.305,0,0.020,0.019,-2.6
13.6,9.619,-0.029,-0.012,0.871,0.0,-0.0,0.305,0,0.013,0.029,-5.5
13.9,9.876,-0.040,-0.002,0.849,0.0,-0.0,0.305,0,0.004,0.032,-7.2
14.2,10.127,-0.050,0.008,0.827,0.0,-0.0,0.305,0,-0.005,0.032,-7.9
14.5,10.372,-0.056,0.012,0.809,0.0,-0.0,0.305,0,-0.009,0.003,-1.5
14.8,10.612,-0.055,0.010,0.791,-0.0,0.0,-0.305,0,-0.006,-0.015,3.0
15.1,10.846,-0.050,0.003,0.773,-0.0,0.0,-0.305,0,-0.000,-0.023,5.4
15.4,11.074,-0.044,-0.004,0.755,-0.0,2.5,-0.305,0,0.007,-0.026,6.8
15.7,11.298,-0.037,-0.012,0.737,-0.0,5.5,-0.305,0,0.014,-0.026,7.5
16.0,11.516,-0.033,-0.016,0.721,2.2,6.0,-0.305,0,0.018,-0.003,2.3
16.3,11.730,-0.035,-0.014,0.706,5.9,4.7,0.305,0,0.016,0.013,-1.4
16.6,11.939,-0.040,-0.009,0.691,10.6,2.4,0.305,0,0.011,0.020,-3.6
16.9,12.146,-0.047,-0.001,0.692,12.8,-0.0,0.305,0,0.004,0.026,-5.8
17.2,12.355,-0.053,0.007,0.700,11.6,-0.0,0.305,0,-0.004,0.026,-6.5
17.5,12.569,-0.057,0.010,0.720,4.2,4.1,0.305,0,-0.007,0.002,-1.1
17.8,12.789,-0.057,0.007,0.743,-0.0,4.4,-0.305,0,-0.004,-0.019,4.2
18.1,13.016,-0.053,-0.001,0.765,-0.0,0.8,-0.305,0,0.005,-0.032,8.0
18.4,13.249,-0.048,-0.012,0.784,-0.0,0.0,-0.305,0,0.015,-0.036,9.9
18.7,13.485,-0.042,-0.022,0.789,-0.0,0.0,-0.305,0,0.024,-0.029,9.1
19.0,13.721,-0.041,-0.025,0.784,-0.0,0.0,-0.305,0,0.027,0.001,2.5
19.3,13.955,-0.045,-0.021,0.779,0.0,-0.0,0.305,0,0.024,0.018,-1.9
19.6,14.186,-0.052,-0.015,0.762,1.4,-0.0,0.305,0,0.018,0.023,-3.8
19.9,14.411,-0.062,-0.007,0.744,4.4,-0.0,0.305,0,0.011,0.026,-5.0
20.2,14.631,-0.071,0.000,0.726,7.3,-0.0,0.305,0,0.004,0.026,-5.6
20.5,14.846,-0.077,0.004,0.711,4.9,4.9,0.169,0,0.000,0.003,-0.6
20.8,15.057,-0.078,0.002,0.700,2.2,9.4,-0.305,0,0.003,-0.013,3.3
21.1,15.265,-0.075,-0.003,0.689,-0.0,13.4,-0.305,0,0.008,-0.020,5.5
21.4,15.470,-0.071,-0.010,0.679,-0.0,15.0,-0.305,0,0.014,-0.022,6.6
21.7,15.677,-0.068,-0.015,0.694,-0.0,12.5,-0.305,0,0.019,-0.015,5.4
22.0,15.889,-0.067,-0.016,0.715,4.5,4.5,0.060,0,0.020,0.009,-0.2
22.3,16.107,-0.071,-0.009,0.740,5.0,-0.0,0.305,0,0.014,0.027,-4.9
22.6,16.334,-0.076,0.000,0.767,0.5,-0.0,0.305,0,0.004,0.036,-7.9
22.9,16.568,-0.083,0.011,0.787,0.0,-0.0,0.305,0,-0.007,0.038,-9.6
23.2,16.809,-0.088,0.023,0.815,0.0,-0.0,0.305,0,-0.017,0.036,-10.0
23.5,17.053,-0.090,0.027,0.811,0.0,-0.0,0.305,0,-0.022,0.000,-2.1
23.8,17.296,-0.086,0.023,0.806,-0.0,0.0,-0.305,0,-0.018,-0.019,2.7
24.1,17.534,-0.077,0.017,0.787,-0.0,0.0,-0.305,0,-0.012,-0.024,4.6
24.4,17.767,-0.067,0.009,0.768,-0.0,0.3,-0.305,0,-0.005,-0.027,6.0
24.7,17.994,-0.057,0.000,0.750,-0.0,3.4,-0.305,0,0.003,-0.027,6.6
25.0,18.216,-0.051,-0.003,0.734,2.8,3.2,-0.305,0,0.007,-0.003,1.3
25.3,18.433,-0.050,-0.001,0.718,6.7,1.9,0.305,0,0.004,0.013,-2.6
25.6,18.646,-0.052,0.004,0.703,11.1,-0.0,0.305,0,-0.001,0.020,-4.8
25.9,18.855,-0.056,0.011,0.689,13.4,-0.0,0.305,0,-0.007,0.023,-6.1
26.2,19.062,-0.061,0.018,0.691,13.0,-0.0,0.305,0,-0.014,0.023,-6.8
26.5,19.269,-0.062,0.021,0.692,7.7,5.1,0.305,0,-0.017,0.001,-1.8
26.8,19.480,-0.060,0.017,0.711,1.0,8.7,-0.305,0,-0.013,-0.021,3.6
27.1,19.698,-0.054,0.009,0.735,-0.0,5.7,-0.305,0,-0.005,-0.031,6.9
27.4,19.922,-0.047,-0.002,0.757,-0.0,2.2,-0.305,0,0.004,-0.035,8.6
27.7,20.153,-0.040,-0.011,0.775,-0.0,0.0,-0.305,0,0.014,-0.031,8.6
28.0,20.385,-0.033,-0.020,0.774,-0.0,0.0,-0.305,0,0.022,-0.026,8.2
28.3,20.618,-0.031,-0.023,0.774,-0.0,0.0,-0.305,0,0.025,0.001,2.1
28.6,20.848,-0.034,-0.020,0.764,1.0,-0.0,0.305,0,0.022,0.016,-1.7
28.9,21.074,-0.040,-0.014,0.746,3.9,-0.0,0.305,0,0.016,0.022,-3.7
29.2,21.295,-0.049,-0.006,0.729,6.8,-0.0,0.305,0,0.009,0.025,-5.0
29.5,21.511,-0.057,0.001,0.712,9.6,-0.0,0.305,0,0.002,0.025,-5.6
29.8,21.722,-0.063,0.005,0.700,5.8,5.8,0.182,0,-0.001,0.002,-0.6
30.1,21.930,-0.064,0.003,0.689,3.5,9.9,-0.305,0,0.001,-0.012,3.0
30.4,22.137,-0.061,-0.003,0.692,-0.0,12.8,-0.305,0,0.007,-0.024,6.3
30.7,22.347,-0.057,-0.012,0.706,-0.0,10.7,-0.305,0,0.015,-0.029,8.4
31.0,22.562,-0.054,-0.018,0.724,-0.0,3.8,-0.305,0,0.022,-0.019,6.5
31.3,22.784,-0.054,-0.019,0.749,0.0,0.0,-0.133,0,0.023,0.007,0.5
31.6,23.013,-0.058,-0.014,0.771,0.0,-0.0,0.305,0,0.017,0.026,-4.5
31.9,23.246,-0.065,-0.004,0.784,0.0,-0.0,0.305,0,0.008,0.033,-6.9
32.2,23.480,-0.072,0.005,0.776,0.0,-0.0,0.305,0,-0.001,0.030,-7.2
32.5,23.710,-0.078,0.012,0.758,0.0,-0.0,0.305,0,-0.007,0.018,-4.8
32.8,23.935,-0.080,0.013,0.742,0.0,0.0,-0.074,0,-0.008,-0.005,0.3
33.1,24.155,-0.077,0.009,0.726,-0.0,0.0,-0.305,0,-0.005,-0.017,3.5
33.4,24.370,-0.072,0.003,0.710,-0.0,0.0,-0.305,0,0.001,-0.022,5.2
33.7,24.580,-0.065,-0.004,0.694,-0.0,0.0,-0.305,0,0.008,-0.023,6.1
34.0,24.785,-0.060,-0.008,0.679,-0.0,0.0,-0.305,0,0.012,-0.009,3.2
34.3,24.986,-0.060,-0.007,0.665,0.0,-0.0,0.305,0,0.011,0.009,-1.0
34.6,25.183,-0.062,-0.003,0.651,0.0,-0.0,0.305,0,0.007,0.016,-3.2
34.9,25.376,-0.067,0.002,0.636,-0.0,22.1,-0.305,1,1.414,0.019,131.9
35.2,25.565,-0.072,0.008,0.622,-0.0,24.4,-0.305,1,1.419,0.020,132.3
35.5,25.749,-0.075,0.011,0.610,-0.0,26.5,-0.305,1,1.426,0.003,136.9
35.8,25.930,-0.074,0.010,0.601,-0.0,28.0,-0.305,1,1.438,-0.006,140.3
36.1,26.119,-0.072,0.013,0.654,-0.0,19.1,-0.305,1,1.446,0.019,135.1
36.4,26.326,-0.071,0.022,0.713,-0.0,9.4,-0.305,1,1.450,0.034,131.9
36.7,26.551,-0.070,0.034,0.776,-0.0,0.0,-0.305,1,1.451,0.045,129.5
37.0,26.795,-0.068,0.049,0.839,-0.0,0.0,-0.305,1,1.451,0.052,127.7
37.3,27.054,-0.064,0.064,0.873,-0.0,0.0,-0.305,1,1.451,0.050,128.1
37.6,27.317,-0.058,0.078,0.877,-0.0,0.0,-0.305,1,1.452,0.045,129.7
37.9,27.576,-0.050,0.090,0.854,-0.0,0.0,-0.305,1,1.456,0.037,131.8
38.2,27.828,-0.040,0.100,0.831,-0.0,0.0,-0.305,1,1.460,0.035,132.7
38.5,28.074,-0.028,0.111,0.810,-0.0,0.0,-0.305,1,1.465,0.033,133.5
38.8,28.313,-0.013,0.120,0.789,-0.0,0.0,-0.305,1,1.469,0.032,134.3
39.1,28.546,0.004,0.130,0.769,-0.0,0.1,-0.305,1,1.474,0.031,135.0
39.4,28.773,0.022,0.139,0.750,-0.0,3.3,-0.305,1,1.478,0.029,135.7
39.7,28.994,0.043,0.147,0.731,-0.0,6.4,-0.305,1,1.483,0.028,136.4
40.0,29.209,0.065,0.156,0.714,-0.0,9.3,-0.305,1,1.487,0.027,137.1
40.3,29.419,0.088,0.164,0.697,-0.0,12.0,-0.305,1,1.492,0.026,137.7
40.6,29.626,0.113,0.172,0.691,-0.0,13.0,-0.305,1,1.495,0.028,137.7
40.9,29.833,0.140,0.181,0.694,-0.0,12.5,-0.305,1,1.499,0.031,137.4
41.2,30.041,0.169,0.191,0.706,-0.0,10.6,-0.305,1,1.501,0.034,136.9
41.5,30.254,0.201,0.201,0.725,-0.0,7.5,-0.305,1,1.503,0.037,136.4
41.8,30.472,0.237,0.213,0.746,-0.0,4.0,-0.305,1,1.504,0.039,136.0
42.1,30.696,0.276,0.225,0.766,-0.0,0.7,-0.305,1,1.505,0.040,135.8
42.4,30.926,0.318,0.237,0.785,-0.0,0.0,-0.305,1,1.506,0.041,135.6
42.7,31.158,0.363,0.249,0.787,-0.0,0.0,-0.305,1,1.508,0.038,136.6
43.0,31.388,0.411,0.259,0.778,-0.0,0.0,-0.305,1,1.510,0.035,137.6
43.3,31.613,0.459,0.269,0.761,-0.0,1.5,-0.305,1,1.514,0.031,138.8
43.6,31.833,0.509,0.278,0.742,-0.0,4.6,-0.305,1,1.517,0.029,139.6
43.9,32.047,0.560,0.286,0.724,-0.0,7.6,-0.305,1,1.521,0.028,140.2
44.2,32.255,0.611,0.295,0.707,-0.0,10.5,-0.305,1,1.524,0.027,140.8
44.5,32.458,0.663,0.303,0.694,-0.0,12.6,-0.305,1,1.528,0.027,141.1
44.8,32.658,0.716,0.311,0.683,-0.0,14.4,-0.305,1,1.531,0.027,141.4
45.1,32.857,0.771,0.320,0.689,-0.0,13.3,-0.305,1,1.533,0.031,140.7
45.4,33.058,0.828,0.329,0.704,-0.0,11.0,-0.305,1,1.534,0.034,140.0
45.7,33.264,0.890,0.340,0.724,-0.0,7.6,-0.305,1,1.534,0.037,139.3
46.0,33.476,0.955,0.352,0.749,-0.0,3.4,-0.305,1,1.534,0.040,138.6
46.3,33.694,1.025,0.364,0.770,-0.0,0.0,-0.305,1,1.533,0.041,138.4
46.6,33.915,1.099,0.376,0.783,-0.0,0.0,-0.305,1,1.533,0.040,138.6
46.9,34.138,1.176,0.388,0.785,-0.0,0.0,-0.305,1,1.533,0.038,139.1
47.2,34.360,1.255,0.399,0.786,-0.0,0.0,-0.305,1,1.534,0.037,139.4
47.5,34.579,1.335,0.409,0.766,-0.0,0.7,-0.305,1,1.535,0.031,140.8
47.8,34.791,1.416,0.418,0.747,-0.0,3.8,-0.305,1,1.537,0.029,141.5
48.1,34.997,1.496,0.426,0.729,-0.0,6.8,-0.305,1,1.539,0.028,142.0
48.4,35.197,1.576,0.434,0.711,-0.0,9.8,-0.305,1,1.541,0.027,142.4
48.7,35.392,1.657,0.442,0.696,-0.0,12.2,-0.305,1,1.543,0.027,142.6
49.0,35.584,1.737,0.451,0.691,-0.0,13.0,-0.305,1,1.544,0.028,142.3
49.3,35.775,1.820,0.460,0.696,-0.0,12.3,-0.305,1,1.544,0.031,141.7
49.6,35.968,1.906,0.470,0.708,-0.0,10.2,-0.305,1,1.544,0.034,141.0
49.9,36.163,1.996,0.480,0.721,-0.0,8.2,-0.305,1,1.543,0.035,140.6
50.2,36.362,2.089,0.491,0.742,-0.0,4.7,-0.305,1,1.541,0.038,139.7
50.5,36.566,2.188,0.503,0.760,-0.0,1.7,-0.305,1,1.539,0.039,139.3
50.8,36.773,2.290,0.515,0.777,-0.0,0.0,-0.305,1,1.537,0.040,138.9
51.1,36.982,2.397,0.526,0.781,-0.0,0.0,-0.305,1,1.535,0.038,139.2
51.4,37.189,2.505,0.537,0.776,-0.0,0.0,-0.305,1,1.534,0.035,139.9
51.7,37.392,2.614,0.547,0.761,-0.0,1.5,-0.305,1,1.534,0.032,140.5
52.0,37.590,2.723,0.556,0.747,-0.0,3.8,-0.305,1,1.533,0.030,140.8
52.3,37.783,2.831,0.565,0.729,-0.0,6.8,-0.305,1,1.533,0.028,141.3
52.6,37.971,2.938,0.573,0.711,-0.0,9.7,-0.305,1,1.533,0.027,141.6
52.9,38.152,3.044,0.581,0.694,-0.0,12.5,-0.305,1,1.533,0.026,141.9
53.2,38.331,3.151,0.589,0.689,-0.0,13.3,-0.305,1,1.533,0.028,141.3
53.5,38.508,3.259,0.598,0.694,-0.0,12.6,-0.305,1,1.531,0.031,140.5
53.8,38.687,3.370,0.608,0.707,-0.0,10.5,-0.305,1,1.529,0.034,139.6
54.1,38.869,3.486,0.619,0.727,-0.0,7.2,-0.305,1,1.526,0.037,138.5
54.4,39.054,3.608,0.630,0.748,-0.0,3.6,-0.305,1,1.522,0.039,137.7
54.7,39.244,3.734,0.642,0.767,-0.0,0.5,-0.305,1,1.518,0.040,137.1
55.0,39.437,3.866,0.655,0.785,-0.0,0.0,-0.305,1,1.514,0.041,136.5
55.3,39.630,4.001,0.666,0.786,-0.0,0.0,-0.305,1,1.510,0.037,137.0
55.6,39.821,4.138,0.677,0.776,-0.0,0.0,-0.305,1,1.507,0.034,137.5
55.9,40.006,4.273,0.686,0.758,-0.0,2.0,-0.305,1,1.505,0.030,138.1
56.2,40.186,4.407,0.695,0.739,-0.0,5.1,-0.305,1,1.504,0.029,138.3
56.5,40.361,4.540,0.703,0.721,-0.0,8.1,-0.305,1,1.502,0.027,138.5
56.8,40.530,4.670,0.711,0.704,-0.0,10.9,-0.305,1,1.500,0.026,138.6
57.1,40.694,4.800,0.719,0.693,-0.0,12.7,-0.305,1,1.499,0.027,138.3
57.4,40.856,4.930,0.728,0.691,-0.0,13.0,-0.305,1,1.496,0.029,137.5
57.7,41.018,5.063,0.737,0.699,-0.0,11.7,-0.305,1,1.493,0.032,136.5
58.0,41.181,5.199,0.747,0.715,-0.0,9.1,-0.305,1,1.489,0.035,135.4
58.3,41.347,5.341,0.759,0.736,-0.0,5.7,-0.305,1,1.484,0.038,134.3
58.6,41.516,5.489,0.770,0.756,-0.0,2.3,-0.305,1,1.478,0.039,133.4
58.9,41.688,5.642,0.782,0.772,-0.0,0.0,-0.305,1,1.472,0.039,132.8
59.2,41.860,5.799,0.794,0.779,-0.0,0.0,-0.305,1,1.467,0.038,132.6
59.5,42.031,5.958,0.804,0.776,-0.0,0.0,-0.305,1,1.462,0.035,132.8
59.8,42.198,6.116,0.814,0.763,-0.0,1.2,-0.305,1,1.458,0.032,133.2
60.1,42.360,6.273,0.823,0.744,-0.0,4.3,-0.305,1,1.455,0.029,133.5
60.4,42.517,6.428,0.832,0.726,-0.0,7.4,-0.305,1,1.452,0.028,133.6
60.7,42.669,6.580,0.840,0.708,-0.0,10.3,-0.305,1,1.449,0.027,133.5
61.0,42.816,6.730,0.848,0.692,-0.0,13.0,-0.305,1,1.446,0.026,133.4
61.3,42.959,6.879,0.856,0.688,-0.0,13.5,-0.305,1,1.442,0.028,132.5
61.6,43.102,7.030,0.865,0.694,-0.0,12.6,-0.305,1,1.438,0.031,131.5
61.9,43.244,7.184,0.875,0.701,-0.0,11.5,-0.305,1,1.433,0.032,130.7
62.2,43.388,7.343,0.885,0.722,-0.0,7.9,-0.305,1,1.427,0.037,129.0
62.5,43.534,7.508,0.897,0.745,-0.0,4.1,-0.305,1,1.420,0.039,127.9
62.8,43.683,7.680,0.909,0.766,-0.0,0.6,-0.305,1,1.413,0.040,126.9
63.1,43.834,7.857,0.921,0.781,-0.0,0.0,-0.305,1,1.406,0.040,126.2
63.4,43.985,8.038,0.932,0.785,-0.0,0.0,-0.305,1,1.399,0.038,126.1
63.7,44.133,8.220,0.943,0.777,-0.0,0.0,-0.305,1,1.393,0.034,126.4
64.0,44.277,8.400,0.953,0.760,-0.0,1.7,-0.305,1,1.388,0.031,126.7
64.3,44.415,8.577,0.961,0.741,-0.0,4.8,-0.305,1,1.383,0.029,126.7
64.6,44.549,8.751,0.970,0.723,-0.0,7.8,-0.305,1,1.379,0.027,126.6
64.9,44.678,8.922,0.978,0.706,-0.0,10.7,-0.305,1,1.375,0.026,126.4
65.2,44.803,9.091,0.986,0.694,-0.0,12.5,-0.305,1,1.370,0.027,125.9
65.5,44.925,9.260,0.994,0.693,-0.0,12.8,-0.305,1,1.365,0.029,124.9
65.8,45.046,9.430,1.004,0.700,-0.0,11.6,-0.305,1,1.360,0.032,123.7
66.1,45.167,9.605,1.014,0.715,-0.0,9.1,-0.305,1,1.353,0.035,122.4
66.4,45.290,9.785,1.025,0.734,-0.0,5.9,-0.305,1,1.346,0.037,121.0
66.7,45.414,9.972,1.036,0.754,-0.0,2.7,-0.305,1,1.338,0.039,119.9
67.0,45.539,10.164,1.048,0.769,-0.0,0.1,-0.305,1,1.330,0.039,119.1
67.3,45.663,10.360,1.060,0.777,-0.0,0.0,-0.305,1,1.322,0.038,118.6
67.6,45.786,10.558,1.070,0.774,-0.0,0.0,-0.305,1,1.314,0.035,118.5
67.9,45.906,10.755,1.080,0.762,-0.0,1.2,-0.305,1,1.308,0.032,118.6
68.2,46.021,10.949,1.090,0.744,-0.0,4.3,-0.305,1,1.302,0.029,118.8
68.5,46.132,11.140,1.098,0.726,-0.0,7.3,-0.305,1,1.296,0.028,118.6
68.8,46.238,11.326,1.106,0.708,-0.0,10.2,-0.305,1,1.291,0.027,118.3
69.1,46.341,11.510,1.114,0.695,-0.0,12.4,-0.305,1,1.286,0.027,117.8
69.4,46.440,11.693,1.122,0.691,-0.0,13.1,-0.305,1,1.280,0.029,116.8
69.7,46.538,11.877,1.132,0.696,-0.0,12.2,-0.305,1,1.274,0.031,115.6
70.0,46.635,12.063,1.141,0.702,-0.0,11.2,-0.305,1,1.267,0.032,114.7
70.3,46.732,12.254,1.152,0.722,-0.0,7.9,-0.305,1,1.259,0.036,112.9
70.6,46.830,12.452,1.163,0.743,-0.0,4.4,-0.305,1,1.250,0.039,111.6
70.9,46.928,12.656,1.175,0.761,-0.0,1.5,-0.305,1,1.241,0.039,110.6
71.2,47.026,12.865,1.186,0.775,-0.0,0.0,-0.305,1,1.232,0.039,109.7
71.5,47.123,13.077,1.198,0.779,-0.0,0.0,-0.305,1,1.223,0.037,109.3
71.8,47.218,13.290,1.208,0.772,-0.0,0.0,-0.305,1,1.215,0.034,109.2
72.1,47.309,13.502,1.218,0.766,-0.0,0.7,-0.305,1,1.207,0.034,108.6
72.4,47.397,13.712,1.228,0.749,-0.0,3.5,-0.305,1,1.200,0.030,108.8
72.7,47.481,13.917,1.236,0.730,-0.0,6.6,-0.305,1,1.194,0.028,108.6
73.0,47.561,14.117,1.244,0.713,-0.0,9.5,-0.305,1,1.188,0.027,108.3
73.3,47.638,14.314,1.252,0.698,-0.0,11.9,-0.305,1,1.181,0.026,107.8
73.6,47.711,14.510,1.261,0.692,-0.0,12.9,-0.305,1,1.175,0.028,106.8
73.9,47.783,14.705,1.270,0.696,-0.0,12.3,-0.305,1,1.168,0.031,105.5
74.2,47.854,14.904,1.279,0.707,-0.0,10.3,-0.305,1,1.160,0.033,104.1
74.5,47.924,15.107,1.290,0.719,-0.0,8.5,-0.305,1,1.151,0.034,103.0
74.8,47.993,15.313,1.300,0.729,-0.0,6.7,-0.305,1,1.143,0.035,102.0
75.1,48.060,15.524,1.311,0.740,-0.0,5.0,-0.305,1,1.134,0.036,101.0
75.4,48.127,15.738,1.322,0.752,-0.0,3.0,-0.305,1,1.124,0.037,99.8
75.7,48.192,15.955,1.333,0.758,-0.0,2.0,-0.305,1,1.115,0.036,99.1
76.0,48.256,16.174,1.343,0.759,-0.0,1.8,-0.305,1,1.106,0.035,98.5
76.3,48.317,16.393,1.353,0.755,-0.0,2.5,-0.305,1,1.097,0.033,98.0
76.6,48.375,16.611,1.363,0.751,-0.0,3.2,-0.305,1,1.089,0.033,97.3
76.9,48.431,16.828,1.373,0.738,-0.0,5.3,-0.305,1,1.081,0.030,97.2
77.2,48.483,17.041,1.382,0.726,-0.0,7.3,-0.305,1,1.073,0.029,96.7
77.5,48.533,17.251,1.390,0.716,-0.0,9.0,-0.305,1,1.066,0.029,96.0
77.8,48.581,17.459,1.399,0.708,-0.0,10.2,-0.305,1,1.058,0.029,95.3
78.1,48.626,17.667,1.408,0.707,-0.0,10.4,-0.305,1,1.050,0.030,94.2
78.4,48.669,17.875,1.417,0.711,-0.0,9.7,-0.305,1,1.042,0.032,93.0
78.7,48.711,18.086,1.427,0.721,-0.0,8.1,-0.305,1,1.033,0.034,91.6
79.0,48.751,18.302,1.438,0.734,-0.0,5.9,-0.305,1,1.023,0.036,90.3
79.3,48.790,18.521,1.449,0.747,-0.0,3.8,-0.305,1,1.013,0.037,89.1
79.6,48.826,18.744,1.460,0.757,-0.0,2.1,-0.305,1,1.003,0.037,88.1
79.9,48.861,18.970,1.471,0.762,-0.0,1.3,-0.305,1,0.993,0.036,87.3
80.2,48.894,19.196,1.481,0.761,-0.0,1.5,-0.305,1,0.983,0.035,86.7
80.5,48.924,19.422,1.492,0.759,-0.0,1.9,-0.305,1,0.973,0.034,86.0
80.8,48.952,19.646,1.501,0.746,-0.0,3.9,-0.305,1,0.965,0.031,85.8
81.1,48.978,19.866,1.510,0.732,-0.0,6.3,-0.305,1,0.956,0.029,85.4
81.4,49.000,20.082,1.519,0.718,-0.0,8.6,-0.305,1,0.948,0.028,84.9
81.7,49.021,20.295,1.527,0.707,-0.0,10.5,-0.305,1,0.940,0.028,84.2
82.0,49.039,20.506,1.536,0.702,-0.0,11.3,-0.305,1,0.932,0.029,83.1
82.3,49.055,20.716,1.545,0.704,-0.0,10.9,-0.305,1,0.923,0.031,81.8
82.6,49.070,20.929,1.555,0.713,-0.0,9.4,-0.305,1,0.914,0.033,80.4
82.9,49.082,21.145,1.565,0.727,-0.0,7.1,-0.305,1,0.904,0.036,78.8
83.2,49.092,21.366,1.576,0.743,-0.0,4.5,-0.305,1,0.893,0.037,77.4
83.5,49.101,21.591,1.587,0.757,-0.0,2.2,-0.305,1,0.882,0.038,76.2
83.8,49.106,21.821,1.599,0.771,-0.0,0.0,-0.305,1,0.871,0.039,74.9
84.1,49.110,22.055,1.611,0.784,-0.0,0.0,-0.305,1,0.859,0.040,73.6
84.4,49.111,22.290,1.622,0.780,-0.0,0.0,-0.305,1,0.848,0.035,73.5
84.7,49.110,22.523,1.632,0.773,-0.0,0.0,-0.305,1,0.837,0.034,72.9
85.0,49.106,22.752,1.641,0.754,-0.0,2.7,-0.305,1,0.828,0.030,72.9
85.3,49.101,22.975,1.650,0.735,-0.0,5.8,-0.305,1,0.819,0.028,72.4
85.6,49.093,23.192,1.658,0.717,-0.0,8.7,-0.305,1,0.811,0.027,71.9
85.9,49.084,23.405,1.666,0.700,-0.0,11.6,-0.305,1,0.803,0.026,71.3
86.2,49.073,23.612,1.674,0.684,-0.0,14.2,-0.305,1,0.795,0.025,70.7
86.5,49.061,23.817,1.682,0.685,-0.0,14.0,-0.305,1,0.786,0.029,69.1
86.8,49.046,24.022,1.691,0.687,-0.0,13.7,-0.305,1,0.777,0.030,67.9
87.1,49.029,24.231,1.701,0.705,-0.0,10.7,-0.305,1,0.767,0.035,65.8
87.4,49.010,24.446,1.712,0.729,-0.0,6.7,-0.305,1,0.755,0.038,63.9
87.7,48.987,24.668,1.724,0.754,-0.0,2.7,-0.305,1,0.743,0.040,62.2
88.0,48.961,24.897,1.736,0.777,-0.0,0.0,-0.305,1,0.730,0.041,60.7
88.3,48.933,25.131,1.748,0.788,-0.0,0.0,-0.305,1,0.717,0.040,59.8
88.6,48.901,25.365,1.760,0.788,-0.0,0.0,-0.305,1,0.705,0.037,59.4
88.9,48.868,25.598,1.770,0.776,-0.0,0.0,-0.305,1,0.694,0.033,59.2
89.2,48.833,25.824,1.779,0.756,-0.0,2.3,-0.305,1,0.684,0.030,59.0
89.5,48.796,26.045,1.788,0.737,-0.0,5.4,-0.305,1,0.674,0.028,58.4
89.8,48.759,26.260,1.796,0.720,-0.0,8.3,-0.305,1,0.665,0.027,57.8
90.1,48.721,26.470,1.804,0.702,-0.0,11.2,-0.305,1,0.656,0.026,57.2
90.4,48.681,26.675,1.812,0.691,-0.0,13.0,-0.305,1,0.647,0.027,56.2
90.7,48.641,26.877,1.820,0.682,-0.0,14.6,-0.305,1,0.638,0.027,55.4
91.0,48.599,27.076,1.828,0.674,-0.0,15.9,-0.305,1,0.629,0.027,54.5
91.3,48.555,27.276,1.837,0.691,-0.0,13.0,-0.305,1,0.619,0.033,51.9
91.6,48.507,27.482,1.848,0.714,-0.0,9.3,-0.305,1,0.607,0.037,50.0
91.9,48.455,27.695,1.860,0.740,-0.0,4.9,-0.305,1,0.594,0.040,48.0
92.2,48.399,27.916,1.872,0.769,-0.0,0.2,-0.305,1,0.581,0.042,46.1
92.5,48.339,28.142,1.884,0.788,-0.0,0.0,-0.305,2,1.266,0.041,112.4
92.8,48.275,28.372,1.896,0.795,-0.0,0.0,-0.305,2,1.267,0.039,113.0
93.1,48.209,28.602,1.908,0.803,-0.0,0.0,-0.305,2,1.269,0.040,113.2
93.4,48.140,28.831,1.919,0.787,-0.0,0.0,-0.305,2,1.272,0.033,115.0
93.7,48.071,29.053,1.928,0.767,-0.0,0.5,-0.305,2,1.276,0.030,116.0
94.0,48.002,29.270,1.937,0.748,-0.0,3.6,-0.305,2,1.280,0.029,116.7
94.3,47.932,29.480,1.946,0.730,-0.0,6.7,-0.305,2,1.284,0.028,117.3
94.6,47.862,29.684,1.954,0.712,-0.0,9.6,-0.305,2,1.288,0.027,118.0
94.9,47.792,29.883,1.962,0.697,-0.0,12.1,-0.305,2,1.291,0.026,118.4
95.2,47.720,30.079,1.970,0.692,-0.0,12.9,-0.305,2,1.295,0.028,118.3
95.5,47.647,30.274,1.979,0.696,-0.0,12.3,-0.305,2,1.297,0.031,117.9
95.8,47.572,30.471,1.989,0.708,-0.0,10.2,-0.305,2,1.299,0.034,117.4
96.1,47.492,30.672,2.000,0.727,-0.0,7.1,-0.305,2,1.300,0.037,116.8
96.4,47.408,30.877,2.011,0.747,-0.0,3.8,-0.305,2,1.300,0.039,116.4
96.7,47.319,31.087,2.023,0.767,-0.0,0.5,-0.305,2,1.301,0.040,116.1
97.0,47.227,31.300,2.034,0.778,-0.0,0.0,-0.305,2,1.301,0.039,116.5
97.3,47.132,31.514,2.046,0.779,-0.0,0.0,-0.305,2,1.302,0.036,117.1
97.6,47.035,31.725,2.056,0.770,-0.0,0.0,-0.305,2,1.304,0.033,118.0
97.9,46.938,31.932,2.065,0.752,-0.0,2.9,-0.305,2,1.306,0.030,119.0
98.2,46.841,32.132,2.074,0.734,-0.0,6.0,-0.305,2,1.309,0.028,119.7
98.5,46.745,32.327,2.082,0.716,-0.0,9.0,-0.305,2,1.312,0.027,120.2
98.8,46.649,32.516,2.090,0.699,-0.0,11.7,-0.305,2,1.314,0.026,120.7
99.1,46.554,32.702,2.098,0.691,-0.0,13.0,-0.305,2,1.316,0.027,120.6
99.4,46.457,32.885,2.107,0.692,-0.0,12.9,-0.305,2,1.318,0.030,120.2
99.7,46.357,33.070,2.116,0.702,-0.0,11.2,-0.305,2,1.318,0.033,119.5
100.0,46.254,33.256,2.126,0.712,-0.0,9.5,-0.305,2,1.318,0.034,119.3
100.3,46.147,33.445,2.137,0.734,-0.0,6.0,-0.305,2,1.318,0.038,118.3
100.6,46.035,33.639,2.149,0.754,-0.0,2.6,-0.305,2,1.317,0.039,117.9
100.9,45.918,33.835,2.160,0.769,-0.0,0.2,-0.305,2,1.315,0.039,117.8
101.2,45.797,34.034,2.172,0.777,-0.0,0.0,-0.305,2,1.314,0.038,117.9
101.5,45.674,34.232,2.183,0.775,-0.0,0.0,-0.305,2,1.314,0.036,118.4
101.8,45.549,34.428,2.193,0.773,-0.0,0.0,-0.305,2,1.314,0.035,118.6
102.1,45.424,34.620,2.203,0.754,-0.0,2.6,-0.305,2,1.314,0.030,119.7
102.4,45.300,34.806,2.212,0.736,-0.0,5.6,-0.305,2,1.315,0.028,120.2
102.7,45.178,34.986,2.220,0.718,-0.0,8.5,-0.305,2,1.316,0.027,120.6
103.0,45.057,35.161,2.228,0.701,-0.0,11.3,-0.305,2,1.317,0.026,120.9
103.3,44.936,35.332,2.236,0.693,-0.0,12.7,-0.305,2,1.317,0.028,120.6
103.6,44.815,35.501,2.245,0.694,-0.0,12.6,-0.305,2,1.317,0.030,120.1
103.9,44.691,35.670,2.254,0.703,-0.0,11.0,-0.305,2,1.316,0.033,119.3
104.2,44.562,35.842,2.265,0.720,-0.0,8.2,-0.305,2,1.314,0.036,118.4
104.5,44.428,36.016,2.276,0.741,-0.0,4.8,-0.305,2,1.311,0.038,117.6
104.8,44.289,36.194,2.287,0.760,-0.0,1.7,-0.305,2,1.308,0.039,117.0
105.1,44.145,36.374,2.299,0.774,-0.0,0.0,-0.305,2,1.305,0.039,116.7
105.4,43.997,36.556,2.311,0.786,-0.0,0.0,-0.305,2,1.302,0.039,116.4
105.7,43.846,36.736,2.322,0.780,-0.0,0.0,-0.305,2,1.299,0.035,117.1
106.0,43.696,36.913,2.332,0.765,-0.0,0.8,-0.305,2,1.298,0.032,117.8
106.3,43.547,37.084,2.341,0.746,-0.0,3.9,-0.305,2,1.297,0.029,118.3
106.6,43.401,37.249,2.349,0.728,-0.0,7.0,-0.305,2,1.296,0.028,118.5
106.9,43.256,37.409,2.357,0.710,-0.0,9.8,-0.305,2,1.295,0.027,118.7
107.2,43.114,37.564,2.365,0.696,-0.0,12.2,-0.305,2,1.294,0.027,118.6
107.5,42.972,37.717,2.374,0.692,-0.0,12.9,-0.305,2,1.292,0.028,118.0
107.8,42.828,37.868,2.383,0.696,-0.0,12.2,-0.305,2,1.290,0.031,117.3
108.1,42.681,38.018,2.392,0.700,-0.0,11.5,-0.305,2,1.287,0.031,116.9
108.4,42.532,38.169,2.402,0.717,-0.0,8.7,-0.305,2,1.284,0.036,115.5
108.7,42.376,38.323,2.413,0.738,-0.0,5.3,-0.305,2,1.279,0.038,114.5
109.0,42.214,38.480,2.425,0.756,-0.0,2.3,-0.305,2,1.274,0.039,113.9
109.3,42.047,38.638,2.437,0.771,-0.0,0.0,-0.305,2,1.270,0.039,113.3
109.6,41.877,38.796,2.448,0.777,-0.0,0.0,-0.305,2,1.265,0.037,113.2
109.9,41.705,38.953,2.459,0.773,-0.0,0.0,-0.305,2,1.261,0.035,113.5
110.2,41.533,39.106,2.468,0.760,-0.0,1.6,-0.305,2,1.257,0.032,113.8
110.5,41.363,39.254,2.478,0.748,-0.0,3.6,-0.305,2,1.254,0.031,113.8
110.8,41.194,39.399,2.487,0.736,-0.0,5.6,-0.305,2,1.251,0.030,113.7
111.1,41.027,39.540,2.495,0.718,-0.0,8.5,-0.305,2,1.248,0.027,114.0
111.4,40.863,39.675,2.503,0.702,-0.0,11.3,-0.305,2,1.246,0.026,114.0
111.7,40.700,39.807,2.512,0.696,-0.0,12.3,-0.305,2,1.243,0.028,113.3
112.0,40.536,39.937,2.520,0.696,-0.0,12.2,-0.305,2,1.239,0.030,112.5
112.3,40.370,40.067,2.530,0.705,-0.0,10.7,-0.305,2,1.235,0.033,111.4
112.6,40.199,40.197,2.540,0.722,-0.0,7.9,-0.305,2,1.229,0.036,110.2
112.9,40.023,40.329,2.551,0.738,-0.0,5.3,-0.305,2,1.223,0.037,109.4
113.2,39.842,40.461,2.563,0.754,-0.0,2.7,-0.305,2,1.217,0.038,108.5
113.5,39.656,40.594,2.574,0.766,-0.0,0.6,-0.305,2,1.211,0.038,107.9
113.8,39.467,40.726,2.585,0.770,-0.0,0.0,-0.305,2,1.205,0.036,107.7
114.1,39.277,40.857,2.596,0.767,-0.0,0.6,-0.305,2,1.199,0.034,107.6
114.4,39.087,40.984,2.606,0.757,-0.0,2.2,-0.305,2,1.194,0.032,107.7
114.7,38.899,41.107,2.615,0.740,-0.0,5.0,-0.305,2,1.190,0.029,107.9
115.0,38.715,41.226,2.623,0.722,-0.0,8.0,-0.305,2,1.186,0.027,108.0
115.3,38.534,41.340,2.631,0.706,-0.0,10.5,-0.305,2,1.182,0.027,107.7
115.6,38.355,41.451,2.639,0.696,-0.0,12.2,-0.305,2,1.177,0.027,107.2
115.9,38.177,41.559,2.648,0.695,-0.0,12.3,-0.305,2,1.173,0.029,106.2
116.2,37.996,41.666,2.657,0.703,-0.0,11.1,-0.305,2,1.167,0.032,105.1
116.5,37.811,41.773,2.667,0.718,-0.0,8.7,-0.305,2,1.161,0.035,103.8
116.8,37.621,41.881,2.678,0.736,-0.0,5.6,-0.305,2,1.154,0.037,102.5
117.1,37.424,41.989,2.690,0.754,-0.0,2.6,-0.305,2,1.146,0.039,101.5
117.4,37.222,42.098,2.701,0.769,-0.0,0.2,-0.305,2,1.138,0.039,100.7
117.7,37.017,42.205,2.713,0.775,-0.0,0.0,-0.305,2,1.131,0.037,100.3
118.0,36.810,42.311,2.724,0.772,-0.0,0.0,-0.305,2,1.124,0.035,100.2
118.3,36.604,42.414,2.733,0.760,-0.0,1.7,-0.305,2,1.117,0.032,100.3
118.6,36.402,42.512,2.742,0.741,-0.0,4.7,-0.305,2,1.112,0.029,100.5
118.9,36.204,42.607,2.751,0.723,-0.0,7.7,-0.305,2,1.106,0.027,100.3
119.2,36.010,42.697,2.759,0.706,-0.0,10.5,-0.305,2,1.102,0.026,100.1
119.5,35.818,42.784,2.767,0.695,-0.0,12.4,-0.305,2,1.096,0.027,99.5
119.8,35.628,42.868,2.775,0.693,-0.0,12.8,-0.305,2,1.091,0.029,98.4
120.1,35.436,42.951,2.785,0.699,-0.0,11.7,-0.305,2,1.084,0.032,97.2
120.4,35.240,43.033,2.795,0.713,-0.0,9.5,-0.305,2,1.077,0.035,95.8
120.7,35.039,43.115,2.805,0.733,-0.0,6.2,-0.305,2,1.069,0.037,94.4
121.0,34.831,43.198,2.817,0.752,-0.0,3.1,-0.305,2,1.060,0.039,93.2
121.3,34.618,43.279,2.829,0.767,-0.0,0.4,-0.305,2,1.051,0.039,92.2
121.6,34.400,43.360,2.840,0.776,-0.0,0.0,-0.305,2,1.042,0.038,91.6
121.9,34.181,43.439,2.851,0.774,-0.0,0.0,-0.305,2,1.034,0.036,91.4
122.2,33.963,43.515,2.861,0.764,-0.0,1.0,-0.305,2,1.026,0.033,91.4
122.5,33.749,43.587,2.870,0.746,-0.0,3.9,-0.305,2,1.019,0.029,91.4
122.8,33.539,43.656,2.879,0.728,-0.0,6.9,-0.305,2,1.013,0.028,91.2
123.1,33.333,43.722,2.887,0.710,-0.0,9.9,-0.305,2,1.007,0.027,90.9
123.4,33.132,43.783,2.895,0.693,-0.0,12.7,-0.305,2,1.001,0.026,90.6
123.7,32.935,43.842,2.902,0.678,-0.0,15.2,-0.305,2,0.996,0.025,90.1
124.0,32.739,43.899,2.911,0.683,-0.0,14.3,-0.305,2,0.989,0.030,88.4
124.3,32.539,43.954,2.920,0.697,-0.0,12.1,-0.305,2,0.981,0.033,86.9
124.6,32.333,44.009,2.931,0.718,-0.0,8.6,-0.305,2,0.972,0.037,85.2
124.9,32.120,44.064,2.943,0.746,-0.0,4.0,-0.305,2,0.962,0.040,83.4
125.2,31.898,44.118,2.955,0.770,-0.0,0.1,-0.305,2,0.951,0.041,82.1
125.5,31.670,44.171,2.967,0.786,-0.0,0.0,-0.305,2,0.941,0.041,81.2
125.8,31.439,44.222,2.979,0.791,-0.0,0.0,-0.305,2,0.931,0.038,80.8
126.1,31.208,44.271,2.989,0.783,-0.0,0.0,-0.305,2,0.922,0.035,80.8
126.4,30.980,44.317,2.999,0.766,-0.0,0.7,-0.305,2,0.913,0.031,80.9
126.7,30.757,44.359,3.008,0.747,-0.0,3.9,-0.305,2,0.906,0.029,80.6
127.0,30.540,44.398,3.017,0.728,-0.0,6.9,-0.305,2,0.898,0.028,80.2
127.3,30.327,44.435,3.025,0.711,-0.0,9.8,-0.305,2,0.891,0.027,79.7
127.6,30.119,44.469,3.033,0.696,-0.0,12.2,-0.305,2,0.884,0.026,79.1
127.9,29.913,44.500,3.041,0.692,-0.0,12.9,-0.305,2,0.877,0.028,78.0
128.2,29.707,44.530,3.050,0.696,-0.0,12.2,-0.305,2,0.869,0.031,76.6
128.5,29.497,44.558,3.060,0.709,-0.0,10.0,-0.305,2,0.860,0.034,75.0
128.8,29.282,44.584,3.071,0.729,-0.0,6.8,-0.305,2,0.850,0.037,73.3
129.1,29.061,44.609,3.082,0.749,-0.0,3.4,-0.305,2,0.839,0.039,71.9
129.4,28.834,44.631,3.094,0.767,-0.0,0.5,-0.305,2,0.828,0.039,70.7
129.7,28.603,44.652,3.105,0.777,-0.0,0.0,-0.305,2,0.817,0.038,69.8
130.0,28.370,44.671,3.116,0.777,-0.0,0.0,-0.305,2,0.807,0.036,69.3
130.3,28.139,44.687,3.127,0.768,-0.0,0.4,-0.305,2,0.797,0.033,69.1
130.6,27.912,44.701,3.136,0.750,-0.0,3.3,-0.305,2,0.788,0.030,69.0
130.9,27.690,44.712,-3.139,0.732,-0.0,6.3,-0.305,2,0.780,0.028,68.7
131.2,27.474,44.721,-3.130,0.714,-0.0,9.3,-0.305,2,0.772,0.027,68.2
131.5,27.262,44.728,-3.122,0.698,-0.0,11.9,-0.305,2,0.764,0.026,67.6
131.8,27.054,44.733,-3.114,0.692,-0.0,12.9,-0.305,2,0.756,0.028,66.4
132.1,26.845,44.736,-3.105,0.694,-0.0,12.5,-0.305,2,0.747,0.030,65.0
132.4,26.635,44.737,-3.096,0.704,-0.0,10.9,-0.305,2,0.738,0.033,63.4
132.7,26.421,44.736,-3.085,0.723,-0.0,7.8,-0.305,2,0.727,0.036,61.7
133.0,26.200,44.732,-3.074,0.743,-0.0,4.4,-0.305,2,0.716,0.038,60.1
133.3,25.974,44.726,-3.062,0.762,-0.0,1.3,-0.305,2,0.704,0.039,58.7
133.6,25.743,44.718,-3.051,0.775,-0.0,0.0,-0.305,2,0.692,0.039,57.6
133.9,25.509,44.707,-3.039,0.779,-0.0,0.0,-0.305,2,0.680,0.037,56.9
134.2,25.275,44.693,-3.028,0.781,-0.0,0.0,-0.305,2,0.669,0.037,55.9
134.5,25.044,44.677,-3.018,0.765,-0.0,0.8,-0.305,2,0.658,0.032,56.1
134.8,24.818,44.660,-3.009,0.746,-0.0,3.9,-0.305,2,0.649,0.029,55.8
135.1,24.598,44.641,-3.001,0.728,-0.0,6.9,-0.305,2,0.640,0.028,55.2
135.4,24.383,44.620,-2.993,0.711,-0.0,9.8,-0.305,2,0.631,0.027,54.6
135.7,24.174,44.598,-2.985,0.696,-0.0,12.2,-0.305,2,0.623,0.026,53.8
136.0,23.967,44.574,-2.976,0.692,-0.0,12.9,-0.305,2,0.614,0.028,52.5
136.3,23.760,44.548,-2.967,0.697,-0.0,12.1,-0.305,2,0.604,0.031,51.0
136.6,23.550,44.520,-2.958,0.710,-0.0,10.0,-0.305,2,0.593,0.034,49.2
136.9,23.336,44.489,-2.947,0.729,-0.0,6.8,-0.305,2,0.581,0.037,47.4
137.2,23.116,44.455,-2.935,0.749,-0.0,3.4,-0.305,2,0.569,0.039,45.8
137.5,22.891,44.417,-2.924,0.766,-0.0,0.6,-0.305,2,0.556,0.039,44.4
137.8,22.663,44.377,-2.912,0.776,-0.0,0.0,-0.305,2,0.543,0.038,43.4
138.1,22.433,44.334,-2.901,0.777,-0.0,0.0,-0.305,2,0.531,0.036,42.7
138.4,22.204,44.288,-2.890,0.777,-0.0,0.0,-0.305,2,0.518,0.036,41.6
138.7,21.979,44.241,-2.880,0.759,-0.0,1.8,-0.305,2,0.507,0.031,41.7
139.0,21.759,44.193,-2.872,0.741,-0.0,4.9,-0.305,2,0.497,0.029,41.2
139.3,21.545,44.144,-2.863,0.723,-0.0,7.8,-0.305,2,0.487,0.027,40.6
139.6,21.337,44.095,-2.855,0.705,-0.0,10.7,-0.305,2,0.478,0.026,39.9
139.9,21.134,44.044,-2.847,0.694,-0.0,12.5,-0.305,2,0.468,0.027,38.8
140.2,20.932,43.992,-2.839,0.692,-0.0,12.8,-0.305,2,0.458,0.029,37.4
140.5,20.732,43.939,-2.830,0.691,-0.0,13.0,-0.305,2,0.447,0.030,36.2
140.8,20.529,43.882,-2.820,0.707,-0.0,10.4,-0.305,2,0.436,0.034,34.0
141.1,20.322,43.822,-2.809,0.727,-0.0,7.1,-0.305,2,0.423,0.037,32.1
141.4,20.109,43.758,-2.798,0.748,-0.0,3.7,-0.305,2,0.410,0.039,30.4
141.7,19.891,43.690,-2.786,0.767,-0.0,0.4,-0.305,2,0.396,0.040,28.8
142.0,19.670,43.619,-2.774,0.779,-0.0,0.0,-0.305,2,0.382,0.039,27.7
142.3,19.448,43.544,-2.763,0.780,-0.0,0.0,-0.305,2,0.368,0.037,26.9
142.6,19.228,43.468,-2.753,0.771,-0.0,0.0,-0.305,2,0.355,0.033,26.4
142.9,19.013,43.391,-2.743,0.753,-0.0,2.8,-0.305,2,0.344,0.030,26.1
143.2,18.804,43.314,-2.735,0.734,-0.0,5.9,-0.305,2,0.332,0.028,25.4
143.5,18.601,43.237,-2.727,0.716,-0.0,8.9,-0.305,2,0.322,0.027,24.7
143.8,18.403,43.160,-2.719,0.699,-0.0,11.7,-0.305,2,0.311,0.026,23.9
144.1,18.211,43.084,-2.711,0.683,-0.0,14.5,-0.305,2,0.301,0.025,23.2
144.4,18.021,43.006,-2.703,0.682,-0.0,14.6,-0.305,2,0.290,0.029,21.3
144.7,17.831,42.926,-2.694,0.692,-0.0,12.8,-0.305,2,0.279,0.032,19.3
145.0,17.637,42.842,-2.683,0.711,-0.0,9.7,-0.305,2,0.265,0.036,17.3
145.3,17.438,42.754,-2.672,0.737,-0.0,5.5,-0.305,2,0.251,0.039,15.0
145.6,17.233,42.660,-2.660,0.762,-0.0,1.3,-0.305,2,0.236,0.041,13.1
145.9,17.022,42.560,-2.647,0.787,-0.0,0.0,-0.305,2,0.220,0.043,11.2
146.2,16.806,42.455,-2.634,0.809,-0.0,0.0,-0.305,2,0.203,0.043,9.4
146.5,16.589,42.347,-2.623,0.804,-0.0,0.0,-0.305,2,0.188,0.037,9.4
146.8,16.377,42.239,-2.612,0.787,-0.0,0.0,-0.305,2,0.174,0.033,9.0
147.1,16.170,42.131,-2.603,0.767,-0.0,0.5,-0.305,2,0.161,0.030,8.4
147.4,15.970,42.023,-2.594,0.748,-0.0,3.6,-0.305,2,0.148,0.029,7.5
147.7,15.776,41.917,-2.586,0.730,-0.0,6.6,-0.305,2,0.136,0.028,6.6
148.0,15.587,41.811,-2.578,0.712,-0.0,9.6,-0.305,2,0.124,0.027,5.7
148.3,15.404,41.706,-2.570,0.697,0.4,11.7,-0.305,2,0.112,0.026,4.7
148.6,15.224,41.601,-2.561,0.692,3.3,9.7,-0.305,2,0.100,0.028,3.1
148.9,15.045,41.494,-2.552,0.695,5.8,6.5,-0.305,2,0.088,0.031,1.2
149.2,14.865,41.384,-2.543,0.708,5.2,5.2,0.224,2,0.074,0.034,-0.8
149.5,14.682,41.270,-2.532,0.727,6.0,1.2,0.305,2,0.059,0.036,-2.7
149.8,14.496,41.150,-2.522,0.747,3.7,-0.0,0.305,2,0.044,0.033,-3.6
150.1,14.305,41.026,-2.513,0.766,0.7,-0.0,0.305,2,0.031,0.031,-4.2
150.4,14.112,40.896,-2.506,0.780,0.0,0.0,0.160,2,0.019,0.011,-0.7
150.7,13.921,40.760,-2.508,0.784,-0.0,0.0,-0.305,2,0.016,-0.015,5.1
151.0,13.733,40.620,-2.514,0.777,-0.0,0.0,-0.305,2,0.017,-0.025,7.6
151.3,13.549,40.481,-2.522,0.761,-0.0,1.6,-0.305,2,0.020,-0.027,8.1
151.6,13.370,40.345,-2.529,0.743,-0.0,4.4,-0.305,2,0.021,-0.018,6.3
151.9,13.192,40.215,-2.530,0.728,3.5,3.5,-0.278,2,0.018,0.003,1.0
152.2,13.016,40.091,-2.527,0.712,7.3,2.3,0.305,2,0.009,0.015,-2.7
152.5,12.841,39.971,-2.521,0.701,11.3,-0.0,0.305,2,-0.001,0.022,-5.3
152.8,12.667,39.854,-2.514,0.699,11.8,-0.0,0.305,2,-0.013,0.026,-7.4
153.1,12.493,39.736,-2.507,0.704,11.0,-0.0,0.305,2,-0.025,0.023,-7.9
153.4,12.319,39.615,-2.502,0.708,10.3,-0.0,0.305,2,-0.034,0.005,-4.4
153.7,12.144,39.488,-2.506,0.727,3.6,3.6,-0.282,2,-0.036,-0.019,1.0
154.0,11.967,39.355,-2.513,0.745,-0.0,4.1,-0.305,2,-0.034,-0.030,3.8
154.3,11.787,39.218,-2.523,0.761,-0.0,1.6,-0.305,2,-0.029,-0.035,5.4
154.6,11.603,39.079,-2.534,0.773,-0.0,0.0,-0.305,2,-0.024,-0.036,6.1
154.9,11.413,38.939,-2.540,0.796,0.0,0.0,0.051,2,-0.024,-0.009,-0.2
155.2,11.218,38.803,-2.538,0.791,0.0,-0.0,0.305,2,-0.032,0.016,-7.0
155.5,11.023,38.671,-2.532,0.777,0.0,-0.0,0.305,2,-0.044,0.024,-9.9
155.8,10.831,38.544,-2.524,0.759,1.9,-0.0,0.305,2,-0.057,0.025,-11.5
156.1,10.645,38.419,-2.519,0.742,4.7,-0.0,0.305,2,-0.067,0.010,-8.9
156.4,10.465,38.293,-2.519,0.726,7.2,-0.0,0.305,2,-0.073,-0.008,-5.0
156.7,10.290,38.167,-2.524,0.711,7.5,2.3,0.305,2,-0.074,-0.019,-2.7
157.0,10.121,38.041,-2.530,0.701,6.1,5.3,0.305,2,-0.072,-0.024,-1.3
157.3,9.952,37.915,-2.539,0.699,5.9,5.9,0.032,2,-0.070,-0.028,-0.1
157.6,9.783,37.790,-2.548,0.704,5.4,5.4,-0.268,2,-0.066,-0.031,0.9
157.9,9.611,37.664,-2.557,0.717,4.3,4.5,-0.305,2,-0.063,-0.031,1.2
158.2,9.434,37.536,-2.566,0.734,3.0,3.0,-0.236,2,-0.060,-0.028,0.9
158.5,9.251,37.408,-2.572,0.752,2.9,-0.0,0.305,2,-0.059,-0.015,-2.3
158.8,9.060,37.281,-2.572,0.769,0.2,-0.0,0.305,2,-0.065,0.006,-7.7
159.1,8.865,37.156,-2.568,0.778,0.0,-0.0,0.305,2,-0.075,0.019,-11.8
159.4,8.666,37.032,-2.561,0.779,0.0,-0.0,0.305,2,-0.087,0.021,-13.2
159.7,8.470,36.908,-2.560,0.770,0.0,-0.0,0.305,2,-0.094,-0.004,-8.3
160.0,8.279,36.783,-2.563,0.754,2.6,-0.0,0.305,2,-0.097,-0.017,-5.4
160.3,8.094,36.657,-2.569,0.737,5.4,-0.0,0.305,2,-0.096,-0.023,-3.9
160.6,7.914,36.534,-2.577,0.720,7.5,0.8,0.305,2,-0.095,-0.025,-3.2
160.9,7.738,36.414,-2.584,0.703,8.4,2.7,0.305,2,-0.093,-0.026,-2.9
161.2,7.565,36.296,-2.593,0.695,8.0,4.4,0.305,2,-0.090,-0.028,-2.2
161.5,7.391,36.180,-2.601,0.695,6.7,5.7,0.305,2,-0.087,-0.030,-1.3
161.8,7.216,36.065,-2.611,0.704,5.5,5.5,0.181,2,-0.083,-0.032,-0.6
162.1,7.036,35.949,-2.620,0.719,4.2,4.2,0.039,2,-0.079,-0.032,-0.1
162.4,6.850,35.832,-2.630,0.738,2.6,2.6,-0.029,2,-0.076,-0.032,0.1
162.7,6.659,35.713,-2.639,0.757,1.1,1.1,-0.033,2,-0.072,-0.030,0.1
163.0,6.462,35.595,-2.646,0.771,0.0,-0.0,0.305,2,-0.071,-0.023,-1.5
163.3,6.261,35.478,-2.651,0.779,0.0,-0.0,0.305,2,-0.072,-0.011,-4.2
163.6,6.057,35.364,-2.653,0.777,0.0,-0.0,0.305,2,-0.076,-0.003,-6.5
163.9,5.854,35.253,-2.653,0.767,0.5,-0.0,0.305,2,-0.081,-0.001,-7.6
164.2,5.654,35.144,-2.656,0.750,3.3,-0.0,0.305,2,-0.083,-0.015,-4.5
164.5,5.460,35.036,-2.662,0.733,5.7,0.4,0.305,2,-0.083,-0.022,-2.8
164.8,5.271,34.930,-2.669,0.716,5.9,3.0,0.305,2,-0.081,-0.025,-2.0
165.1,5.085,34.827,-2.677,0.700,6.6,4.9,0.305,2,-0.079,-0.026,-1.6
165.4,4.903,34.726,-2.685,0.692,6.4,6.4,0.248,2,-0.076,-0.028,-0.8
165.7,4.721,34.628,-2.693,0.688,6.8,6.8,0.148,2,-0.073,-0.028,-0.5
166.0,4.537,34.530,-2.702,0.699,5.9,5.9,0.016,2,-0.069,-0.028,-0.1
166.3,4.348,34.431,-2.710,0.716,4.4,4.4,-0.078,2,-0.066,-0.028,0.3
166.6,4.153,34.331,-2.718,0.737,2.7,2.7,-0.126,2,-0.063,-0.028,0.5
166.9,3.952,34.231,-2.725,0.760,0.8,0.8,0.303,2,-0.061,-0.020,-1.2
167.2,3.742,34.132,-2.729,0.781,0.0,-0.0,0.305,2,-0.062,-0.010,-3.8
167.5,3.527,34.033,-2.730,0.794,0.0,-0.0,0.305,2,-0.067,0.002,-6.8
167.8,3.309,33.937,-2.728,0.792,0.0,-0.0,0.305,2,-0.074,0.007,-8.7
168.1,3.094,33.842,-2.729,0.780,0.0,-0.0,0.305,2,-0.078,-0.010,-5.0
168.4,2.882,33.746,-2.734,0.767,0.4,-0.0,0.305,2,-0.078,-0.021,-2.5
168.7,2.676,33.650,-2.742,0.752,1.5,1.5,0.290,2,-0.075,-0.026,-1.1
169.0,2.474,33.557,-2.750,0.734,3.0,3.0,0.169,2,-0.072,-0.027,-0.6
169.3,2.277,33.466,-2.758,0.716,4.5,4.5,0.093,2,-0.069,-0.027,-0.3
169.6,2.083,33.379,-2.766,0.700,5.8,5.8,0.022,2,-0.066,-0.027,-0.1
169.9,1.893,33.294,-2.774,0.689,6.7,6.7,0.010,2,-0.062,-0.025,-0.0
170.2,1.702,33.212,-2.780,0.692,6.0,4.3,0.305,2,-0.061,-0.018,-1.6
170.5,1.509,33.132,-2.784,0.704,5.3,-0.0,0.305,2,-0.061,-0.013,-2.9
170.8,1.311,33.053,-2.788,0.716,0.3,-0.0,0.305,2,-0.062,-0.010,-3.6
171.1,1.106,32.974,-2.790,0.741,0.0,-0.0,0.305,2,-0.064,-0.005,-5.0
171.4,0.896,32.893,-2.793,0.757,0.0,-0.0,0.305,2,-0.065,-0.017,-2.4
171.7,0.683,32.810,-2.800,0.766,0.0,0.0,0.084,2,-0.063,-0.024,-0.3
172.0,0.471,32.727,-2.807,0.749,0.0,0.0,-0.154,2,-0.060,-0.027,0.6
172.3,0.265,32.646,-2.816,0.731,0.0,0.0,-0.278,2,-0.056,-0.027,1.0
172.6,0.063,32.569,-2.824,0.713,-0.0,0.0,-0.305,2,-0.052,-0.026,1.1
172.9,-0.136,32.495,-2.829,0.697,-0.0,12.0,-0.305,3,1.267,-0.015,125.7
173.2,-0.331,32.427,-2.831,0.683,-0.0,14.4,-0.305,3,1.280,0.001,123.3
173.5,-0.523,32.365,-2.828,0.669,-0.0,16.7,-0.305,3,1.289,0.013,121.4
173.8,-0.713,32.306,-2.823,0.656,-0.0,18.8,-0.305,3,1.295,0.019,120.4
174.1,-0.905,32.247,-2.815,0.677,-0.0,15.3,-0.305,3,1.298,0.030,118.2
174.4,-1.103,32.187,-2.805,0.704,-0.0,11.0,-0.305,3,1.300,0.036,117.1
174.7,-1.310,32.122,-2.794,0.737,-0.0,5.4,-0.305,3,1.301,0.040,116.1
175.0,-1.528,32.052,-2.781,0.774,-0.0,0.0,-0.305,3,1.301,0.044,115.2
175.3,-1.753,31.977,-2.768,0.800,-0.0,0.0,-0.305,3,1.301,0.044,115.3
175.6,-1.982,31.898,-2.755,0.811,-0.0,0.0,-0.305,3,1.302,0.041,115.9
175.9,-2.210,31.817,-2.744,0.805,-0.0,0.0,-0.305,3,1.304,0.037,117.1
176.2,-2.434,31.735,-2.734,0.785,-0.0,0.0,-0.305,3,1.307,0.032,118.6
176.5,-2.651,31.653,-2.724,0.765,-0.0,0.8,-0.305,3,1.310,0.030,119.4
176.8,-2.863,31.570,-2.716,0.746,-0.0,3.9,-0.305,3,1.314,0.029,120.0
177.1,-3.068,31.488,-2.707,0.728,-0.0,6.9,-0.305,3,1.317,0.028,120.6
177.4,-3.267,31.407,-2.699,0.711,-0.0,9.8,-0.305,3,1.320,0.027,121.2
177.7,-3.461,31.325,-2.691,0.696,-0.0,12.2,-0.305,3,1.324,0.026,121.5
178.0,-3.653,31.242,-2.683,0.692,-0.0,12.9,-0.305,3,1.326,0.028,121.3
178.3,-3.843,31.158,-2.674,0.697,-0.0,12.1,-0.305,3,1.328,0.031,120.9
178.6,-4.036,31.070,-2.664,0.710,-0.0,10.0,-0.305,3,1.329,0.034,120.3
178.9,-4.232,30.978,-2.653,0.729,-0.0,6.8,-0.305,3,1.329,0.037,119.6
179.2,-4.432,30.882,-2.642,0.749,-0.0,3.4,-0.305,3,1.329,0.039,119.1
179.5,-4.637,30.781,-2.630,0.767,-0.0,0.6,-0.305,3,1.329,0.039,119.0
179.8,-4.844,30.676,-2.619,0.777,-0.0,0.0,-0.305,3,1.328,0.038,119.2
180.1,-5.051,30.568,-2.608,0.777,-0.0,0.0,-0.305,3,1.329,0.036,119.7
180.4,-5.256,30.459,-2.597,0.769,-0.0,0.1,-0.305,3,1.330,0.033,120.5
180.7,-5.456,30.350,-2.588,0.752,-0.0,3.0,-0.305,3,1.331,0.030,121.4
181.0,-5.651,30.241,-2.579,0.733,-0.0,6.1,-0.305,3,1.333,0.028,122.0
181.3,-5.839,30.134,-2.571,0.716,-0.0,9.0,-0.305,3,1.335,0.027,122.5
181.6,-6.023,30.028,-2.563,0.699,-0.0,11.7,-0.305,3,1.337,0.026,122.8
181.9,-6.202,29.921,-2.555,0.692,-0.0,12.9,-0.305,3,1.338,0.028,122.6
182.2,-6.380,29.813,-2.546,0.694,-0.0,12.6,-0.305,3,1.338,0.030,122.1
182.5,-6.559,29.702,-2.537,0.705,-0.0,10.8,-0.305,3,1.338,0.033,121.4
182.8,-6.740,29.587,-2.526,0.723,-0.0,7.8,-0.305,3,1.337,0.036,120.5
183.1,-6.925,29.467,-2.515,0.744,-0.0,4.4,-0.305,3,1.335,0.038,119.8
183.4,-7.114,29.342,-2.503,0.762,-0.0,1.2,-0.305,3,1.333,0.039,119.4
183.7,-7.305,29.212,-2.491,0.775,-0.0,0.0,-0.305,3,1.331,0.039,119.3
184.0,-7.497,29.079,-2.480,0.778,-0.0,0.0,-0.305,3,1.329,0.037,119.6
184.3,-7.687,28.944,-2.470,0.771,-0.0,0.0,-0.305,3,1.328,0.034,120.2
184.6,-7.872,28.810,-2.460,0.756,-0.0,2.4,-0.305,3,1.328,0.031,120.9
184.9,-8.052,28.677,-2.451,0.737,-0.0,5.4,-0.305,3,1.328,0.028,121.4
185.2,-8.227,28.546,-2.443,0.719,-0.0,8.4,-0.305,3,1.328,0.027,121.7
185.5,-8.396,28.416,-2.435,0.702,-0.0,11.2,-0.305,3,1.328,0.026,122.0
185.8,-8.561,28.288,-2.427,0.693,-0.0,12.7,-0.305,3,1.328,0.027,121.7
186.1,-8.723,28.158,-2.418,0.693,-0.0,12.8,-0.305,3,1.327,0.029,121.1
186.4,-8.886,28.026,-2.409,0.700,-0.0,11.6,-0.305,3,1.325,0.032,120.3
186.7,-9.050,27.890,-2.399,0.717,-0.0,8.8,-0.305,3,1.322,0.035,119.3
187.0,-9.217,27.749,-2.388,0.737,-0.0,5.4,-0.305,3,1.319,0.038,118.4
187.3,-9.387,27.602,-2.376,0.757,-0.0,2.2,-0.305,3,1.315,0.039,117.7
187.6,-9.559,27.449,-2.365,0.772,-0.0,0.0,-0.305,3,1.311,0.039,117.3
187.9,-9.732,27.293,-2.353,0.778,-0.0,0.0,-0.305,3,1.307,0.038,117.3
188.2,-9.904,27.135,-2.342,0.775,-0.0,0.0,-0.305,3,1.304,0.035,117.7
188.5,-10.071,26.977,-2.333,0.761,-0.0,1.4,-0.305,3,1.302,0.032,118.2
188.8,-10.234,26.822,-2.324,0.742,-0.0,4.6,-0.305,3,1.300,0.029,118.7
189.1,-10.392,26.668,-2.315,0.724,-0.0,7.6,-0.305,3,1.298,0.027,118.8
189.4,-10.544,26.517,-2.307,0.707,-0.0,10.4,-0.305,3,1.297,0.026,118.9
189.7,-10.692,26.368,-2.299,0.695,-0.0,12.4,-0.305,3,1.295,0.027,118.7
190.0,-10.837,26.218,-2.291,0.692,-0.0,12.8,-0.305,3,1.293,0.029,118.0
190.3,-10.981,26.067,-2.282,0.699,-0.0,11.8,-0.305,3,1.290,0.032,117.0
190.6,-11.126,25.912,-2.271,0.713,-0.0,9.4,-0.305,3,1.286,0.034,116.0
190.9,-11.272,25.752,-2.261,0.727,-0.0,7.1,-0.305,3,1.281,0.036,115.3
191.2,-11.419,25.588,-2.250,0.740,-0.0,4.9,-0.305,3,1.276,0.037,114.6
191.5,-11.568,25.418,-2.239,0.757,-0.0,2.2,-0.305,3,1.271,0.038,113.7
191.8,-11.717,25.245,-2.228,0.766,-0.0,0.7,-0.305,3,1.266,0.037,113.4
192.1,-11.866,25.069,-2.217,0.768,-0.0,0.4,-0.305,3,1.261,0.036,113.2
192.4,-12.012,24.891,-2.206,0.764,-0.0,1.0,-0.305,3,1.256,0.034,113.3
192.7,-12.155,24.714,-2.197,0.751,-0.0,3.1,-0.305,3,1.252,0.031,113.5
193.0,-12.293,24.540,-2.188,0.735,-0.0,5.8,-0.305,3,1.249,0.029,113.7
193.3,-12.427,24.368,-2.179,0.718,-0.0,8.5,-0.305,3,1.246,0.027,113.7
193.6,-12.557,24.199,-2.171,0.704,-0.0,10.8,-0.305,3,1.242,0.027,113.5
193.9,-12.683,24.030,-2.163,0.697,-0.0,12.0,-0.305,3,1.239,0.028,112.9
194.2,-12.807,23.861,-2.154,0.699,-0.0,11.8,-0.305,3,1.235,0.030,112.0
194.5,-12.931,23.690,-2.144,0.708,-0.0,10.3,-0.305,3,1.230,0.033,110.9
194.8,-13.055,23.514,-2.134,0.723,-0.0,7.8,-0.305,3,1.224,0.036,109.8
195.1,-13.180,23.333,-2.123,0.741,-0.0,4.8,-0.305,3,1.217,0.038,108.7
195.4,-13.306,23.146,-2.112,0.758,-0.0,2.0,-0.305,3,1.211,0.038,107.8
195.7,-13.432,22.954,-2.100,0.769,-0.0,0.1,-0.305,3,1.204,0.038,107.2
196.0,-13.558,22.759,-2.089,0.773,-0.0,0.0,-0.305,3,1.197,0.036,106.9
196.3,-13.681,22.563,-2.079,0.767,-0.0,0.5,-0.305,3,1.191,0.034,107.0
196.6,-13.801,22.369,-2.069,0.753,-0.0,2.7,-0.305,3,1.186,0.031,107.2
196.9,-13.916,22.178,-2.060,0.735,-0.0,5.7,-0.305,3,1.181,0.028,107.3
197.2,-14.027,21.991,-2.052,0.717,-0.0,8.7,-0.305,3,1.177,0.027,107.2
197.5,-14.134,21.807,-2.044,0.702,-0.0,11.2,-0.305,3,1.173,0.027,106.9
197.8,-14.237,21.625,-2.036,0.694,-0.0,12.6,-0.305,3,1.168,0.028,106.2
198.1,-14.338,21.443,-2.027,0.695,-0.0,12.5,-0.305,3,1.163,0.030,105.2
198.4,-14.438,21.258,-2.018,0.702,-0.0,11.2,-0.305,3,1.157,0.032,104.0
198.7,-14.538,21.069,-2.007,0.719,-0.0,8.4,-0.305,3,1.150,0.036,102.6
199.0,-14.639,20.874,-1.996,0.739,-0.0,5.1,-0.305,3,1.142,0.038,101.3
199.3,-14.740,20.673,-1.985,0.758,-0.0,2.0,-0.305,3,1.134,0.039,100.3
199.6,-14.841,20.466,-1.973,0.772,-0.0,0.0,-0.305,3,1.126,0.039,99.5
199.9,-14.942,20.256,-1.962,0.777,-0.0,0.0,-0.305,3,1.118,0.038,99.0
200.2,-15.040,20.044,-1.950,0.782,-0.0,0.0,-0.305,3,1.110,0.037,98.4
200.5,-15.136,19.832,-1.940,0.768,-0.0,0.4,-0.305,3,1.103,0.032,98.8
200.8,-15.228,19.624,-1.931,0.749,-0.0,3.5,-0.305,3,1.097,0.029,99.0
201.1,-15.315,19.421,-1.923,0.730,-0.0,6.6,-0.305,3,1.091,0.028,98.7
201.4,-15.399,19.221,-1.915,0.713,-0.0,9.5,-0.305,3,1.086,0.027,98.5
201.7,-15.479,19.026,-1.907,0.697,-0.0,12.0,-0.305,3,1.080,0.026,98.1
202.0,-15.556,18.832,-1.898,0.692,-0.0,13.0,-0.305,3,1.075,0.028,97.1
202.3,-15.631,18.638,-1.889,0.695,-0.0,12.4,-0.305,3,1.068,0.031,95.9
202.6,-15.705,18.440,-1.880,0.707,-0.0,10.4,-0.305,3,1.061,0.034,94.5
202.9,-15.779,18.238,-1.869,0.726,-0.0,7.3,-0.305,3,1.052,0.037,92.9
203.2,-15.852,18.029,-1.858,0.747,-0.0,3.8,-0.305,3,1.043,0.039,91.6
203.5,-15.925,17.813,-1.846,0.765,-0.0,0.8,-0.305,3,1.034,0.039,90.5
203.8,-15.998,17.593,-1.834,0.776,-0.0,0.0,-0.305,3,1.024,0.039,89.8
204.1,-16.068,17.370,-1.823,0.778,-0.0,0.0,-0.305,3,1.015,0.037,89.4
204.4,-16.136,17.148,-1.813,0.772,-0.0,0.0,-0.305,3,1.007,0.034,89.2
204.7,-16.201,16.928,-1.803,0.755,-0.0,2.5,-0.305,3,1.000,0.030,89.3
205.0,-16.263,16.713,-1.794,0.736,-0.0,5.6,-0.305,3,0.993,0.028,89.1
205.3,-16.321,16.503,-1.786,0.718,-0.0,8.5,-0.305,3,0.986,0.027,88.8
205.6,-16.375,16.297,-1.778,0.702,-0.0,11.3,-0.305,3,0.980,0.026,88.4
205.9,-16.427,16.095,-1.770,0.692,-0.0,12.9,-0.305,3,0.974,0.027,87.6
206.2,-16.476,15.894,-1.762,0.684,-0.0,14.2,-0.305,3,0.967,0.027,86.9
206.5,-16.524,15.693,-1.753,0.694,-0.0,12.6,-0.305,3,0.959,0.032,85.1
206.8,-16.571,15.487,-1.743,0.711,-0.0,9.7,-0.305,3,0.950,0.035,83.5
207.1,-16.616,15.274,-1.732,0.732,-0.0,6.3,-0.305,3,0.941,0.038,81.9
207.4,-16.661,15.055,-1.720,0.755,-0.0,2.4,-0.305,3,0.930,0.040,80.4
207.7,-16.704,14.829,-1.708,0.774,-0.0,0.0,-0.305,3,0.920,0.040,79.3
208.0,-16.746,14.599,-1.696,0.783,-0.0,0.0,-0.305,3,0.909,0.039,78.7
208.3,-16.786,14.367,-1.685,0.781,-0.0,0.0,-0.305,3,0.899,0.036,78.4
208.6,-16.823,14.138,-1.675,0.768,-0.0,0.3,-0.305,3,0.890,0.032,78.3
208.9,-16.857,13.913,-1.666,0.749,-0.0,3.5,-0.305,3,0.882,0.029,78.3
209.2,-16.888,13.693,-1.658,0.731,-0.0,6.5,-0.305,3,0.875,0.028,77.9
209.5,-16.916,13.479,-1.649,0.713,-0.0,9.4,-0.305,3,0.867,0.027,77.4
209.8,-16.942,13.269,-1.642,0.697,-0.0,12.0,-0.305,3,0.860,0.026,76.9
210.1,-16.966,13.062,-1.633,0.691,-0.0,13.0,-0.305,3,0.853,0.028,75.8
210.4,-16.987,12.857,-1.625,0.686,-0.0,13.9,-0.305,3,0.845,0.028,74.9
210.7,-17.007,12.650,-1.616,0.698,-0.0,11.8,-0.305,3,0.836,0.033,73.0
211.0,-17.025,12.437,-1.605,0.718,-0.0,8.7,-0.305,3,0.826,0.036,71.3
211.3,-17.041,12.219,-1.594,0.739,-0.0,5.1,-0.305,3,0.816,0.038,69.7
211.6,-17.056,11.993,-1.582,0.762,-0.0,1.3,-0.305,3,0.804,0.040,68.2
211.9,-17.068,11.762,-1.570,0.777,-0.0,0.0,-0.305,3,0.793,0.040,67.1
212.2,-17.078,11.527,-1.558,0.783,-0.0,0.0,-0.305,3,0.781,0.038,66.5
212.5,-17.085,11.293,-1.548,0.778,-0.0,0.0,-0.305,3,0.771,0.035,66.2
212.8,-17.090,11.062,-1.538,0.762,-0.0,1.3,-0.305,3,0.761,0.031,66.1
213.1,-17.093,10.837,-1.529,0.743,-0.0,4.4,-0.305,3,0.752,0.029,65.8
213.4,-17.094,10.617,-1.521,0.725,-0.0,7.4,-0.305,3,0.744,0.028,65.3
213.7,-17.093,10.402,-1.513,0.708,-0.0,10.3,-0.305,3,0.736,0.026,64.8
214.0,-17.090,10.191,-1.505,0.695,-0.0,12.4,-0.305,3,0.728,0.027,64.0
214.3,-17.085,9.983,-1.496,0.692,-0.0,12.9,-0.305,3,0.719,0.029,62.7
214.6,-17.078,9.775,-1.487,0.698,-0.0,11.9,-0.305,3,0.710,0.031,61.1
214.9,-17.069,9.563,-1.477,0.712,-0.0,9.6,-0.305,3,0.700,0.034,59.4
215.2,-17.057,9.346,-1.466,0.732,-0.0,6.3,-0.305,3,0.688,0.037,57.7
215.5,-17.043,9.123,-1.455,0.752,-0.0,3.0,-0.305,3,0.676,0.039,56.1
215.8,-17.026,8.895,-1.443,0.768,-0.0,0.3,-0.305,3,0.664,0.039,54.9
216.1,-17.006,8.663,-1.431,0.778,-0.0,0.0,-0.305,3,0.652,0.038,53.9
216.4,-16.983,8.430,-1.420,0.779,-0.0,0.0,-0.305,3,0.640,0.036,53.3
216.7,-16.959,8.199,-1.410,0.767,-0.0,0.4,-0.305,3,0.629,0.033,53.1
217.0,-16.933,7.974,-1.401,0.749,-0.0,3.5,-0.305,3,0.619,0.030,52.8
217.3,-16.905,7.754,-1.392,0.731,-0.0,6.5,-0.305,3,0.610,0.028,52.3
217.6,-16.877,7.539,-1.384,0.713,-0.0,9.4,-0.305,3,0.601,0.027,51.7
217.9,-16.847,7.330,-1.376,0.698,-0.0,11.9,-0.305,3,0.592,0.026,51.0
218.2,-16.815,7.124,-1.368,0.692,-0.0,12.9,-0.305,3,0.583,0.028,49.7
218.5,-16.782,6.918,-1.359,0.695,-0.0,12.3,-0.305,3,0.573,0.031,48.1
218.8,-16.746,6.710,-1.349,0.707,-0.0,10.4,-0.305,3,0.562,0.034,46.4
219.1,-16.707,6.498,-1.339,0.726,-0.0,7.3,-0.305,3,0.551,0.036,44.6
219.4,-16.665,6.281,-1.327,0.746,-0.0,4.0,-0.305,3,0.538,0.038,42.9
219.7,-16.619,6.058,-1.316,0.764,-0.0,1.1,-0.305,3,0.525,0.039,41.4
220.0,-16.570,5.832,-1.304,0.775,-0.0,0.0,-0.305,3,0.512,0.039,40.3
220.3,-16.518,5.605,-1.293,0.777,-0.0,0.0,-0.305,3,0.499,0.036,39.6
220.6,-16.465,5.379,-1.283,0.769,-0.0,0.2,-0.305,3,0.487,0.033,39.1
220.9,-16.410,5.158,-1.273,0.752,-0.0,2.9,-0.305,3,0.476,0.030,38.8
221.2,-16.354,4.942,-1.265,0.734,-0.0,6.0,-0.305,3,0.466,0.028,38.3
221.5,-16.298,4.732,-1.256,0.716,-0.0,8.9,-0.305,3,0.456,0.027,37.6
221.8,-16.242,4.528,-1.248,0.700,-0.0,11.6,-0.305,3,0.446,0.026,36.9
222.1,-16.184,4.327,-1.240,0.692,-0.0,12.9,-0.305,3,0.436,0.027,35.6
222.4,-16.125,4.128,-1.232,0.691,-0.0,13.0,-0.305,3,0.426,0.030,34.1
222.7,-16.063,3.928,-1.222,0.702,-0.0,11.3,-0.305,3,0.414,0.033,32.3
223.0,-15.998,3.724,-1.212,0.719,-0.0,8.4,-0.305,3,0.402,0.036,30.4
223.3,-15.930,3.516,-1.201,0.737,-0.0,5.5,-0.305,3,0.389,0.037,28.8
223.6,-15.857,3.303,-1.189,0.757,-0.0,2.2,-0.305,3,0.375,0.039,27.0
223.9,-15.780,3.087,-1.178,0.771,-0.0,0.0,-0.305,3,0.361,0.039,25.7
224.2,-15.701,2.868,-1.166,0.776,-0.0,0.0,-0.305,3,0.347,0.037,24.7
224.5,-15.619,2.651,-1.156,0.772,-0.0,0.0,-0.305,3,0.334,0.034,24.1
224.8,-15.536,2.437,-1.146,0.758,-0.0,2.0,-0.305,3,0.321,0.031,23.7
225.1,-15.453,2.228,-1.137,0.739,-0.0,5.1,-0.305,3,0.310,0.029,23.2
225.4,-15.370,2.026,-1.129,0.721,-0.0,8.1,-0.305,3,0.299,0.027,22.4
225.7,-15.287,1.829,-1.121,0.704,-0.0,10.9,-0.305,3,0.288,0.026,21.6
226.0,-15.204,1.637,-1.113,0.694,-0.0,12.6,-0.305,3,0.277,0.027,20.4
226.3,-15.120,1.446,-1.104,0.693,-0.0,12.8,-0.305,3,0.266,0.029,18.8
226.6,-15.033,1.256,-1.095,0.700,-0.0,11.5,-0.305,3,0.254,0.032,17.0
226.9,-14.944,1.064,-1.085,0.709,-0.0,10.2,-0.305,3,0.241,0.033,15.5
227.2,-14.851,0.868,-1.074,0.729,-0.0,6.8,-0.305,3,0.227,0.037,13.2
227.5,-14.753,0.669,-1.063,0.749,-0.0,3.5,-0.305,3,0.213,0.039,11.4
227.8,-14.650,0.465,-1.051,0.764,-0.0,0.9,-0.305,3,0.198,0.039,9.9
228.1,-14.544,0.260,-1.040,0.775,-0.0,0.0,-0.305,3,0.182,0.039,8.5
228.4,-14.434,0.052,-1.028,0.785,-0.0,0.0,-0.305,3,0.167,0.039,7.0
