loa,lb,bt,cb,feasible,resistance_n,total_mass_kg,stability_margin
1.817136973292158,2.8483390836122644,4.605244251681751,0.3571722520929861,False,,,
1.9100452059717883,3.8348853528088496,2.746472016539689,0.3824434873498245,False,,,
5.75197657580052,3.1303322634316806,3.7914759330542687,0.47784750545081567,True,14.214280761160984,325.695219676663,0.006878054467167882
4.381646172080636,2.3332102762505973,2.982888255034344,0.5470098986259979,True,17.59373617881142,315.1129359113823,0.13252213422182924
4.417730803691922,2.8784793210112687,5.3585775258938035,0.4872688172175066,False,,,
5.908385468627066,2.170371761059103,4.438056270028297,0.4709061742308469,False,,,
2.8957193042901506,3.0606691990828,3.3235543108365317,0.5505506709446208,True,13.800130331793582,168.97826194561935,0.056299455542434096
5.363201048843591,1.9961472438240573,4.134756223583949,0.41928622313342606,True,15.675942190082916,380.9484186225974,0.049274467456226434
1.5989615891291635,3.760671908975845,4.004820422167424,0.3869228249905235,False,,,
4.432139314924371,2.1650968639124875,5.65500877540862,0.404287064354632,False,,,
1.3587584994116577,2.1617685945708045,3.7101175581447383,0.46722704085562117,False,,,
5.549444826698691,3.3039305040934845,3.6876223125985583,0.35421930377437444,True,13.468826451883626,271.00894309400115,0.1790451122540674
1.9671537317039087,3.991802513741242,4.109005929626146,0.5227599790796897,False,,,
1.4624066947288223,1.7783156415781864,5.460615372557701,0.4969704851667151,False,,,
2.6818067673818975,2.429966268047076,2.8123303904621206,0.3931674002771438,True,20.147824745368155,168.65528126867957,0.059087163816738
1.3180133158328942,3.6299871512573976,4.132061190211078,0.3818007290146326,False,,,
4.748384995361722,2.150001508874238,2.716720823019584,0.4995980268310095,True,15.359831190615509,372.40416597562285,0.10061111643001136
5.499637208358151,1.7619698461848163,5.317975964620842,0.39754250418208514,False,,,
1.645926823855426,1.741312682000879,3.525412734542301,0.5317779359954795,True,60.36819010955254,146.118842701795,0.13461766914564355
3.567258964838961,3.6617159872454135,3.260239562325216,0.4287956867858579,True,8.07542973367173,174.98576013391568,0.170561066381363
2.439076088902024,3.9500926158226988,5.793520981280022,0.43517154396412727,False,,,
3.292807217243189,2.4229351460188617,5.112781210568937,0.36000327563829754,True,13.44104621315751,173.8710580831039,0.01770585795777757
1.5237068788417252,2.629286451177334,3.357829178899224,0.5613062454253067,False,,,
4.760674063081392,2.9553261598028002,4.815164300097252,0.5230697766712309,False,,,
4.949063152312042,3.8332559733660703,3.024073108257065,0.5065325394363454,True,10.992560727434931,254.59485392763003,0.13052589287322985
1.8893829269441045,2.7192011649548027,5.2519967601830615,0.5736744484215364,False,,,
4.844295139797742,1.7814388693876655,3.7579422675182186,0.3907642081053822,True,16.894234903513187,360.86967274035567,0.1537576401033562
5.994251940635528,2.031235322549086,3.3551005499626902,0.43930492819488176,True,17.738023002434527,487.56208024318306,0.15629574338227428
1.4922561739641023,3.7018853091996675,4.727264976520935,0.38993705998960493,False,,,
3.591689077020241,1.8809404448604026,4.638429255759635,0.40791580702436436,False,,,
1.3854668777508408,1.9650462584959758,4.443419179170774,0.5092451527395455,False,,,
2.759043106244146,3.1799405879904996,3.7322313496801445,0.3826647516975582,False,,,
2.7130093532321626,2.609116920383785,5.694235921460832,0.37891509342993906,False,,,
1.6135866747228167,2.9914546622649394,5.871874759644391,0.5768137815641982,False,,,
4.561171477365959,1.8535267172850072,5.3224049849831125,0.5208436843455394,False,,,
1.8908651484044563,2.769370569862954,2.6726292938283693,0.5504689913211623,False,,,
4.649444242503757,3.5506446298115213,5.16145474217062,0.41681439424067435,False,,,
4.990754469568853,2.2730924856169348,2.9826341727773755,0.44759750840228696,True,13.176015686704208,354.8435399186521,0.12146101131509435
3.589633693876935,2.3573909395650325,4.620240165938712,0.5006259323023485,False,,,
2.351124759428719,3.1319052220150922,3.7503852114396174,0.5336723996634376,False,,,
2.5940061677708335,3.537224886332852,3.9528866830989333,0.48831005860659316,False,,,
4.432062344102568,2.8922679636533264,3.4016635790331353,0.594845396623854,False,,,
1.661065953059252,2.4473244550680726,4.421893043288531,0.3571751180657425,False,,,
1.9435828132417232,3.538308162689375,5.243350336982729,0.5092415992807766,False,,,
5.528638368453062,3.437703827675228,3.545745634321224,0.5112166315531607,True,15.12568335529051,302.90622646134165,0.005238379824627604
2.832395348924186,3.424642195725606,3.84677798095563,0.3883108396895233,False,,,
5.40699171948341,3.2879325287982817,5.106375587040093,0.48989947862587324,False,,,
4.958119765425532,2.7301088116710033,4.4802756423213514,0.3656409455981253,True,13.74167821938072,254.99554859349263,0.039346288474588764
3.8643298278644562,3.5735882798109535,4.969409333016393,0.5507880488323011,False,,,
3.5812757743495904,3.727070813059298,2.8790581835983002,0.5689251324455404,True,14.530009931264892,192.30303014343298,0.10952125285115383
2.982103174741711,1.9092138229466737,4.667665564715704,0.46372315126985436,False,,,
3.256188492157119,3.6596667947934773,2.982269786040066,0.504233702328242,True,9.27213327041208,171.34759082648554,0.17124857004267158
3.1860007124230267,2.914995136354884,4.247932832212503,0.38353226878198,True,10.074545098016994,163.75619915494204,0.1179125221119453
3.6576738337251737,3.682842628090449,3.0993198584008037,0.3528672229323814,True,10.864820078512786,173.51783118910495,0.06087685305157677
1.524313424463701,2.757530117210732,5.910582187920591,0.3610592247468807,False,,,
5.956461664349495,2.93292208915985,2.920490951801994,0.45463484375443275,True,15.391051830267529,382.17863515665493,0.11603398579533511
2.1953283381325304,3.342548376618024,4.3952979166295725,0.42198998804275734,False,,,
2.426028656176517,3.694046807984323,5.181847084157262,0.45904626051871017,False,,,
3.146453920333528,3.3961876846409664,5.897571201345268,0.3698981579066859,False,,,
1.963601358872544,2.5333514095945633,4.277001778096439,0.36785218673504927,False,,,
1.456750139314538,2.204763178636258,3.8508583345499123,0.5348204802820912,False,,,
4.127588709101161,1.7671694195347718,2.6575449872363897,0.4630074315371075,True,14.81055190935586,348.3918275483319,0.054219440121007816
5.399283136024507,3.804493370497459,3.777868999083608,0.571843164794499,False,,,
5.65979668015022,2.6352122317030933,5.111256065953585,0.4413355866027696,False,,,
1.9371696587747156,3.0229552969618263,2.8024780929670996,0.5158382894854248,False,,,
5.084159549966699,3.80543366880981,4.0680874475691855,0.3793461998097902,True,10.447989998693973,223.14024606959396,0.08659745718507361
5.531959266827555,3.7018508167063735,5.886635763092118,0.49849471232569076,False,,,
4.432337059872522,2.5585427992798975,3.1409759214474127,0.42292875318914125,True,13.311982325767191,268.4663467326347,0.1618767955069966
4.659151388803765,2.4474623589616087,4.920552678666101,0.47553980228977344,False,,,
3.3551812403792263,3.9255441756273743,3.0813168080889124,0.47179019844906656,True,8.130581758290493,166.91425045850306,0.16471307138431243
1.9666302750893032,3.8561510340332057,4.210167941980145,0.4329915039099566,False,,,
2.0079374073621894,3.0664316084096295,3.89635623932249,0.38179503386244273,False,,,
1.3553940104479085,2.5999959798062795,4.5410894926704035,0.4797062766498291,False,,,
5.520133187547077,3.796722555672013,5.77704102631903,0.5499231624035206,False,,,
3.4925557447814928,2.9047287715734926,3.890602709741798,0.4498859480943737,True,9.550246389297975,186.75329799422468,0.032940784354892394
1.399582436944002,3.5372916831982772,3.3610710762448295,0.3573347609734306,False,,,
3.439100893713519,3.3510692605555064,4.0261112653694555,0.4410333218106593,True,8.335482734950348,170.91161276193716,0.062314543720561666
4.36093002830143,2.0745659374358585,2.539661574813327,0.49810575370115306,True,15.905900049652399,347.12172234657453,0.05523695829744615
3.7461625733020703,3.6913871610536484,3.955545704596136,0.546528824903821,False,,,
1.2860440886566094,1.7627390551733215,4.5949790656617955,0.406559914606743,False,,,
1.5228742888370912,1.9938240053043323,3.8116007558230605,0.43428423298951746,False,,,
3.9062039490169034,3.7414691862299883,3.7798714926948547,0.3960391653279815,True,9.212673950897365,178.79355276308476,0.14322260571707573
3.9745451893359722,1.704962889812812,3.8468642822393893,0.42930922189955845,True,14.396575634628242,292.35067398068617,0.07128916213945635
3.0594780808405146,1.8168423712217177,4.439759101412066,0.5060419286467707,False,,,
4.79743424552703,3.902143460692096,3.7415991776312474,0.5140725441253841,False,,,
3.321802648148923,2.194609742360254,5.612533253493907,0.5364765955789155,False,,,
5.725386708540093,3.5895466604844612,5.711138051044386,0.3820119781964175,False,,,
1.2754297714812242,2.15675062777945,3.9424378300205727,0.5219107539310167,False,,,
3.3046136800931243,2.8806964442916585,5.163472394112253,0.36765085906341305,True,10.959209236941899,162.72043996116773,0.05199022807071091
4.455841046415731,1.8120759142757816,3.3702698605563763,0.5305684433993464,True,20.56218961039402,372.3881053212677,0.06969101351020796
4.47872764754443,2.632158926210947,3.5309518610351263,0.5570269405011478,False,,,
2.518816266954826,1.771786100840626,3.3654355171649923,0.3552983454351174,True,38.78856220811803,175.8160856701522,0.12183590087553076
5.091316070304303,1.9812206265771999,5.908895143918442,0.40324592159877504,False,,,
2.669142791988754,3.045942258387293,3.5787283746778877,0.44482347132535605,True,13.461270337057192,150.78820676100355,0.17747877880272894
1.7002089306314674,2.5948632710282604,2.5883152896076007,0.40599173060524774,False,,,
5.565457581872216,2.3457858903017055,3.448144207442352,0.5198156099442086,True,19.361975728420777,413.0808330432263,0.06384123503736205
5.437935701994264,2.3804419915414288,3.817150846270774,0.5286680886773795,False,,,
5.002300682417642,3.1117259981889873,3.1264909233573124,0.39518383005958935,True,11.201266302600347,269.11037202749486,0.127784488333902
4.838172895943671,3.325708400874642,5.6369762352547115,0.5449500208159449,False,,,
3.2218399486494613,2.006531286321099,5.61665224028202,0.5238857823207663,False,,,
3.9666018624750876,3.2682992134917646,3.8480074672940874,0.43582003276497683,True,9.517751686554254,197.38959797414526,0.04939554011353775
3.9621055450201528,2.810318644131664,4.981394148314969,0.5840232862508854,False,,,
5.267015202970919,2.5911820048488043,3.803668279980017,0.5817080672627473,False,,,
3.094185164563059,3.540549666696064,2.824596683965163,0.46277697918923993,True,7.837318887941419,165.29997325056422,0.11070866620658604
3.677945612050649,3.5603278529538858,5.5716355304575,0.3881648067529462,True,9.009204509090758,162.65661968751124,0.011582475154631677
4.162347932971045,3.1470210295888315,3.0303907906093417,0.5583929894916788,True,13.318514902516238,242.51711312713144,0.07758862891325669
3.8566254155533595,3.9119477538669885,3.1520894934441412,0.481242525629176,True,8.895294488699797,188.32465527323984,0.14162044280737524
2.752568299172885,3.177692654755717,4.628261230483925,0.47810671104013625,True,12.022684366116597,148.88220164302695,0.05621694746904671
2.759310182459756,2.8590695967959197,3.8028955915065663,0.572695024567507,False,,,
3.4153120839280118,2.7930371871854627,3.404956543096861,0.41345880159227855,True,8.84389256666088,187.30754758325196,0.1588893940445884
5.7786604429205,2.422209699333341,5.539195758371315,0.49869419026450545,False,,,
5.906494482603903,2.0773715417332212,5.795508722119273,0.5431174308740774,False,,,
3.9264585588704053,3.3303701330107343,5.028526626440332,0.4620960725563209,False,,,
4.245495166181749,2.2256881327799802,2.5747605429986766,0.5191264337927111,True,15.1412158054029,320.4968753244238,0.08842245953169761
3.4773937082237634,3.782800856658247,3.4241316349685884,0.5544902852690218,True,13.406512554152364,178.87386083105017,0.022136360987578374
5.934371462593912,3.7655905752906613,5.875419424243994,0.38976649397106533,False,,,
1.9923833488094713,2.225104641588124,3.765190237042196,0.3788502427293758,False,,,
1.9233164684306994,1.7424971626744001,5.766511356258053,0.44027034942788223,False,,,
4.204950561828694,2.745431546043016,5.100679286575079,0.5515332149118156,False,,,
3.0383504708449522,2.931248094737284,2.8412211686762543,0.4213691010259326,True,9.383516247991034,172.89596250878378,0.09102729889078429
2.269243310202381,2.4096860855631133,3.6355825943877043,0.493751117434272,True,13.402958374276329,149.6827444721344,0.11359479356439006
2.797296034966028,2.4517806648723712,5.409494963846578,0.3530357581577328,False,,,
1.2252464795193174,1.8313682579176092,5.529408214668672,0.5084350131171539,False,,,
4.69422340415651,3.9026841491880595,3.2630007159380643,0.5800000406053104,False,,,
2.3644817101303723,2.8933911696875625,4.883745771234555,0.5493146999501277,False,,,
2.390933209467979,2.797155453160791,2.6595675767343083,0.42196963353180617,True,15.648262023720662,150.3530180218944,0.027280785549010457
5.9086447486514535,3.781737669419938,4.537316970862983,0.5466233633298281,False,,,
5.530610481017763,2.4632666521794673,5.931751661698625,0.4621322274039851,False,,,
1.9627028244468945,2.9191708131780847,4.577749303323837,0.5232086449304967,False,,,
4.420574055428846,1.795323843983834,4.736655661702278,0.5804062424782266,False,,,
4.416509842423861,3.9429962500467686,4.2902769182360725,0.5525521265958405,False,,,
1.87330776906987,3.7597449742622637,4.027533136550898,0.5691673333972433,False,,,
2.7399766606934004,3.1359366891211526,5.46307735425889,0.5278392328388266,False,,,
4.175658911985027,3.932487989102708,2.807988407349596,0.3754988197824935,True,11.170451737512384,196.5089515848935,0.047683038373953913
3.8475854724099277,3.8957872820214017,4.902671241231754,0.42741110678533034,False,,,
1.7170443272674585,2.7310582991493995,4.181016218396435,0.4670687302824895,False,,,
4.172809723242522,2.327446986700448,5.581375933740352,0.42208219152045157,False,,,
1.7139543332283913,2.50260454121948,5.775008373681565,0.3898559066517222,False,,,
2.5329058334300876,3.8311226576481223,3.7182857629927524,0.5607736594733337,False,,,
1.4180730771565202,3.743514693757679,3.330473748126453,0.39514163284025294,False,,,
4.762768691529298,3.975761019408785,5.8574884124069335,0.5380783668429475,False,,,
5.588555308570536,3.970241154012917,4.43471393307245,0.3861529970647435,True,11.770986858008598,238.63821549942588,0.016136907518859045
5.2770535766604585,2.6105294598338027,3.5942860872534976,0.47522758206042415,True,14.24024955768706,333.85292028928154,0.06416882367930715
1.3673722653898996,1.7430111223382458,3.4251030961429287,0.49896887687289226,False,,,
4.797191813049331,3.9015425151281593,5.3634924865007845,0.5852782051351851,False,,,
4.254430247557215,3.3879718980926543,4.555790588973412,0.3703582009582528,True,12.819035954414673,192.07445091055786,0.05176263877885662
1.4971383351562564,3.4483208203470888,3.2082120428343326,0.5474548630479742,False,,,
3.427471749541093,1.7159781782581012,4.465356018250105,0.46075948592295257,False,,,
1.5546441508721476,2.300471551273638,3.5732524830037304,0.436420080720447,False,,,
4.592780154897527,2.0847291446951615,4.051523023187737,0.5017078864552111,False,,,
5.742421521255461,1.9644714941658425,2.77761887566474,0.3979283135469154,False,,,
2.258777242497182,2.074366647602529,2.765986657897655,0.4023863695487575,True,20.259569580855715,159.33531101969018,0.051640546506948194
2.2721506119042854,2.8029627720391956,4.767074345857799,0.44096716708520467,False,,,
2.0072541165888684,1.9177457818364394,3.42076799170704,0.3927039638527155,True,18.05338945089964,145.59460783921386,0.11329513303271552
3.508970342855843,3.703508158083242,5.007577398430824,0.4008085616808399,True,7.950275619764644,158.08119905037677,0.06828794868897764
1.37197057149906,1.8555189057746164,4.025266244974113,0.44089864084904695,False,,,
4.475695611136252,1.8929452524167847,3.390928589744224,0.521444937404747,True,19.14195254174529,358.27932200219,0.07153429597824934
3.9267249771939423,2.8884031167055917,5.655823428504502,0.3783327052243426,False,,,
2.138292927233354,3.000812516950908,4.478590646112986,0.5950255519371672,False,,,
5.8916417624220765,3.05072184027325,5.156031901823132,0.5243538367927052,False,,,
1.8380813086927659,3.085271551273249,3.5701755085473805,0.439740620758238,False,,,
1.9501640509832379,1.7191674463172222,5.487762467052126,0.529264271145666,False,,,
4.8105593040181525,2.3624638850679207,3.9608738843831874,0.39402564639966087,True,13.960845526558934,286.366195658582,0.08255296974620513
4.090444486874241,3.6301631661832037,5.225885796944109,0.5834497922678137,False,,,
2.450240693253562,3.3130627596711735,2.943506353204251,0.48407528521479337,True,12.454903437551106,145.04768435832048,0.09573147657421313
1.729198442695644,2.942803839211922,4.39743371346476,0.43673733432554496,False,,,
2.877573320408667,3.3355666327428457,4.1836658048810795,0.4519094098569938,True,9.925746566308987,150.53592808661472,0.11567193304924361
1.741028071986574,2.349266964637525,5.464732221318775,0.5929964911570665,False,,,
2.991251451296985,3.702857600154738,5.557942022926919,0.40452487594148356,False,,,
2.514293402886084,3.3008921479286006,3.571034296947184,0.588824081644546,True,25.02576089006301,150.6807694933334,0.07597494919883324
2.9523948704412386,3.3794656765695503,4.975523849716508,0.4034115540434305,False,,,
5.35670652389673,2.4560624125564754,2.885260116367524,0.36253984109385834,True,15.59439174937011,349.5563180528319,0.019710664571929097
3.368789701303635,3.155883611907362,3.4498359326958967,0.5604781636310102,False,,,
2.484075852748318,3.6492330894716205,2.6157740650614394,0.415665580155176,False,,,
1.9655069008877708,2.729709561396735,3.72792888740826,0.44868935726390635,False,,,
5.287404942950891,3.0329883418910506,4.619064323026628,0.4475053066890219,False,,,
5.078524477179002,2.854100164001047,5.111013644205184,0.5785485022680358,False,,,
4.137650775564921,2.7008649894590917,3.422679998607422,0.5780006350285531,False,,,
4.871503364904812,3.5389115369407946,3.2748980825376384,0.4591742637733072,True,10.527692051893734,248.59089669481844,0.12382096459949471
5.441249749036848,2.265779165431219,5.348707574602864,0.4846620755511123,False,,,
2.2500390239245376,2.5635555943187667,2.7668109289682175,0.5182687847715441,True,13.441207907800788,152.9410578488693,0.13373410952332654
4.689239056264855,1.7666414449504673,3.5549507491827206,0.5421912073764948,True,21.220981934343246,407.58028787673277,0.03050447580253729
2.1617396191465272,2.935069023227143,5.32057642507637,0.4924922396342489,False,,,
1.78666616374076,3.791087265064373,5.1135001499936825,0.4912344919804543,False,,,
2.7976419654089515,3.039313278101962,3.8703814375861554,0.37967285568868064,True,16.2252546086364,149.83483698537796,0.14033433073764523
1.7862561442923637,1.8042153244617332,3.0962342523279935,0.41139571512054995,True,13.621412449883731,141.36629230377702,0.07616246919031508
4.249396509507102,3.0343860478515072,4.566886544095178,0.5555023057671779,False,,,
1.6566616416691056,2.594474793770864,2.777526060691347,0.4546920311166415,False,,,
1.57821192654966,1.8525925705178723,2.8648844244897473,0.4474722623033658,False,,,
4.862896398548373,2.3483988038935815,5.0963222084125634,0.4083215266383623,False,,,
2.578633366761913,2.7842851597426708,2.762431147965998,0.462218708785476,True,14.694818946415179,159.74698664586987,0.09703360011600343
4.001140671188999,3.5965224667025284,2.6965620731646327,0.5499789787008488,True,11.142809760589277,219.5680352184348,0.16588688340217358
3.934361113441487,3.030168804257882,2.6787957282549004,0.5699703291677529,True,13.58270113687873,241.63757071422262,0.16403025444721467
2.5311978883623927,2.95689403847517,4.385188972768572,0.5775194585110595,False,,,
4.086796632919909,3.980122568541137,3.3125078735877143,0.5155426715311675,True,9.747460136033276,199.15476181827648,0.05964848846593279
3.9687791227326357,2.8811325880340934,4.696672568969777,0.48764829669056614,False,,,
2.8167980973333533,3.175632101647114,2.7918703364636697,0.4697548566158014,True,11.128533479267405,161.8418623755058,0.10855764496706194
3.373544648794814,2.19042985153043,4.488308956644879,0.5174798301391514,False,,,
1.800063441726486,2.3830598628705197,2.717087997927342,0.4992905785059325,False,,,
1.5920837334853912,2.2276241536796197,4.067528379842689,0.4629353555033491,False,,,
1.3583368050801898,3.8788490475643393,3.305121277484738,0.5024928102255303,False,,,
2.266592426710242,3.070284124607578,3.734614651677633,0.4296466136373273,False,,,
3.477111336865885,3.048534709442261,4.593649298341963,0.5221246707907531,False,,,
2.4892128965036044,1.9106858658940942,3.386729161696318,0.43167509156485595,True,21.15133014741504,172.93756967368054,0.14670699569372186
4.115393739442136,2.6530847276791403,3.589416178469826,0.3745857428335183,True,14.157889796295544,223.84468769660663,0.16361264976699022
4.063863487518385,1.9529418674808616,4.309132462411336,0.5220899639914148,False,,,
4.190871716980029,2.0673594571853022,3.745865326892392,0.585233542789424,False,,,
1.6357120089554995,3.2611479060846498,4.027424497043351,0.5033756694675711,False,,,
3.089855053410893,1.9847064646442716,4.468383047809215,0.35152639916264833,True,20.192218986670596,184.47850221174102,0.08050900188160415
5.347421611032469,3.537108305508228,3.8081584089712965,0.4843376513184947,False,,,
3.732010042392526,3.9532472632863658,2.6530271855900502,0.4244209039529364,True,8.086836061809791,183.4784228476597,0.05684406968647982
3.153708032842964,3.5110547372619862,5.05504292010826,0.45584031233328837,True,7.715233295260127,153.7984101779804,0.01758365774497478
1.256124584867589,3.1902710532311165,3.9236289191759215,0.3792027660306764,False,,,
4.228821737266469,2.7232752918923677,3.572415839003538,0.4172872353497465,True,12.187587841062221,234.46803331512115,0.11486466577614796
3.699935658632711,2.2696374637031975,3.8765030399972593,0.5854912539126318,False,,,
3.4932160374828194,2.2830173349756624,4.324390543269819,0.5793308908735745,False,,,
5.357996467948288,3.2576748542067224,5.646694865306658,0.5391601871064262,False,,,
4.464706477235836,2.6845339184421424,3.0228968316117713,0.5330086319176285,True,15.246297607221033,288.1318152828557,0.11931863688055189
4.244461103555769,3.9261210350981965,3.6234857400173617,0.5691848869312882,False,,,
2.249082787664358,3.876391442298238,5.9852991538643945,0.361792284882164,False,,,
2.7582432137251947,3.9960126261432283,5.889090731542215,0.5176564492417851,False,,,
1.845517191731122,1.7152204144346355,3.3723073098864025,0.5861086453562773,True,68.04004888062002,161.7541570185316,0.02577016990397296
5.063567790731056,2.6855477490825668,5.164304144528374,0.5755697950060134,False,,,
2.6395799397502113,3.711107308114623,3.4433812956146608,0.4321755901665638,False,,,
1.4146566715989395,2.068421163302431,4.428023095560658,0.35598493439514556,False,,,
3.819826069128071,2.090953998988736,5.120638602462053,0.3819963780072052,False,,,
2.193663805676358,2.318471076920913,4.539519628647524,0.5521216616455462,False,,,
4.81541265515885,3.404846772999964,4.885996905190749,0.4858384233762212,False,,,
2.8445916816580574,2.1136873906831557,5.52309706832765,0.4522973488336036,False,,,
4.320996828631457,1.8570424990438361,3.763078836109083,0.3751039161468108,True,20.071151017348164,295.0743174567553,0.15597975003306006
2.9017599588601013,3.3864434906212066,3.6939985554194426,0.5205468360765526,True,11.027937881517603,157.81848045008624,0.0706392786567781
1.791212802210668,2.5854342375427475,3.9352785371479997,0.47726172477036327,False,,,
2.2962748759828497,3.306958267966936,5.588081782164865,0.5531574945014783,False,,,
1.3482072930291937,2.8226612779944085,3.7040208898012446,0.4932108527505439,False,,,
1.5997927513512924,3.3781691444838935,3.9587186208228076,0.5859773016871841,False,,,
1.291561773641906,2.6608102244693357,4.203450340677843,0.5577708099063045,False,,,
4.830658556557093,2.118650398586048,3.5770709818914797,0.5339432522911025,True,17.27430968705959,364.0998363041077,0.012910955213214725
3.214592896501215,2.305008449213876,5.757275886190263,0.5607845862769825,False,,,
2.9058660254993574,2.9639383461892668,5.752172505182845,0.4041393455347517,False,,,
5.5638566556779185,3.7342867593057893,5.042710996689641,0.5215150167705767,False,,,
4.48812865427194,2.951699878720226,4.538010363599954,0.3993342171514135,False,,,
3.90051679527333,3.2477594675609347,4.199400936654331,0.5198211573401125,False,,,
3.3993304244060565,3.548013647861629,5.0231259520365334,0.37226109980416744,True,9.041285598093015,154.58067848270437,0.11777325935039668
4.8926883639347984,2.355049296838869,2.785003513363067,0.3803055805490163,True,14.280595083934823,326.71409911604735,0.019045842675882246
2.755156746670113,2.9066776130451464,3.655712375867318,0.4008609081074892,True,15.343465831781092,153.22185514736285,0.15605121868561445
4.892288452786991,2.559687516595081,5.558700918486401,0.4111249204621097,False,,,
4.51147928972151,2.522181329246553,5.474014314253144,0.5115996606605165,False,,,
4.457254900859902,1.9135757139466527,5.129795137692833,0.4386052858858881,False,,,
4.75292568731358,3.6439691218089716,2.9284000769770357,0.3538358864729432,True,12.954312717556226,228.36957527969142,0.05138024402018277
4.838183964854425,3.9276185337102714,5.651332811108825,0.4588857313644058,False,,,
5.201437655682267,1.7540763363137546,2.7047665425815195,0.4953660058282805,True,18.655960724029164,507.592376681625,0.04668576964385963
3.7321955933792634,3.597228067122766,3.3170817502159884,0.4656668478263831,True,9.084734419020416,186.60469955050777,0.12504542634825216
5.949602121550435,2.3963779139746966,3.915591347949539,0.5018816880346093,False,,,
5.976482887835171,2.12031060465283,4.918396000768793,0.45354886661462934,False,,,
3.123499239979131,2.2906738989661264,4.12897165015012,0.4937025372975504,False,,,
3.082782569374917,2.8631243401928383,4.72599958426947,0.5629348194494616,False,,,
3.893008516151666,2.579906287509553,5.865245793747976,0.39313120352408093,False,,,
1.4183658586355288,3.789207277605058,3.4304752052345373,0.38787971703006907,False,,,
3.0493617215893742,2.4886522534759115,3.7413184575416363,0.5627784755274716,False,,,
2.5940611468964607,2.0050912176457114,3.2548928501663563,0.587423644086783,False,,,
3.2584418353102125,2.529647139030719,5.220784703695765,0.5838995957008337,False,,,
3.648996518220837,3.573502136294744,3.4260132722266006,0.43761088419136296,True,8.47338145259751,179.45516563635047,0.14375592551859123
3.966905401797997,2.24371388077243,3.4632530285755365,0.39688606087601574,True,13.021049878417626,243.52527604394902,0.16545910083745632
2.459109585530139,3.6304450493922746,5.281772136648555,0.3784842157260434,False,,,
2.874835751947067,3.3611646753281708,5.509039719455413,0.4900500807352116,False,,,
4.687722676483633,2.24603908384162,5.236347634863689,0.5552195293266304,False,,,
3.153588111387993,2.2424314691484866,2.61579819655251,0.5073866845989878,True,12.146653383931714,219.00111374604168,0.12420043461818275
4.236175697883543,1.7027514333621605,4.320522000870678,0.5846112089596658,False,,,
1.3386060286769905,2.0160222275654647,2.7021667745257862,0.45913451013623297,False,,,
3.0469301034177816,3.7013822646378705,2.73250792461277,0.4001278892477277,True,8.951252380452335,157.67208757240837,0.026344588497440667
5.702352344365261,1.743720111801703,3.40704531011304,0.4485634325673794,True,19.885839579286227,516.4932591920825,0.16291379989867377
1.2028117126621134,2.3605723420297964,4.6102504921064265,0.503818914421846,False,,,
4.1219981599918025,3.196911323115544,4.6506493049937205,0.3586408748651321,True,13.785437781213218,189.5031775917003,0.05901715830767135
4.342959435369518,3.0427351208347684,3.2621272445819467,0.45488180211420637,True,11.512220580540683,237.89013174395106,0.1316854044663372
2.340841985498786,3.6963937757393723,3.4757894661586306,0.39072518028767034,False,,,
5.023833074979309,3.450612285333031,5.482605525159094,0.5193404825225192,False,,,
3.20083274401584,2.7936834282983787,4.443181198376639,0.4989994453650349,False,,,
5.736956442514444,2.310449448022123,5.189465548376639,0.35423084762177043,False,,,
2.1131321597303634,3.8720894281685556,3.3787780001019496,0.4777637015777789,False,,,
5.599132398832082,3.2055145782202263,4.2095990227422435,0.5254557026941287,False,,,
5.896171823855012,3.8647635772242146,3.134408209929501,0.38500860429331274,True,12.660950872496615,285.1610885365899,0.11867253093889146
2.5821591801154358,2.033783541440324,5.174195052952316,0.5584439402229243,False,,,
1.8754085814810115,1.8682871573170399,3.6331165929842957,0.5217303456563878,True,32.08044762816687,148.3015761141854,0.08646006434828118
4.897078876544325,2.759595998510579,4.736684251455537,0.579385949722327,False,,,
5.425058421330387,1.9707405973836931,4.9963172269633,0.5441470358624655,False,,,
5.554993382962923,2.6616719617918294,3.0461694783340567,0.46844600914980317,True,14.341052223747749,370.6641338736009,0.15814726863806874
2.9771560747309382,2.605555680472763,5.3096617490604885,0.5129681031261161,False,,,
4.46466958800552,3.2011969462290915,2.995876500458971,0.3645900445893633,True,14.274460836148307,229.70779102026995,0.07748631459746463
3.0962598137802404,3.6543635126568415,4.770434659033241,0.5478386220124107,False,,,
4.187850422891957,3.503971778828439,5.98657602196338,0.5283239694140361,False,,,
5.336098540611424,3.9375945263850176,5.092103878864287,0.55324601850803,False,,,
1.5771912344922943,1.7836928795780458,5.731905615809093,0.4094286011944729,False,,,
2.665574819149716,2.011019828166811,4.720895821862007,0.35742180594683826,True,31.533805217692983,162.95851549413058,0.08728556690387945
5.035632075298854,2.3862835307070362,5.103553685792546,0.5776763825573161,False,,,
4.513471525566629,2.6764737055986854,4.687120315001505,0.5638200771878106,False,,,
4.614070057252871,2.2801901830778806,2.52667263229022,0.5699397021612242,True,19.841568123722922,370.41462171704285,0.10541084666991271
4.19227199542348,1.8460459682574795,4.428343863049712,0.49725429898860274,False,,,
2.608131432964127,3.737868899821307,3.3391448115231634,0.38596034649243527,False,,,
2.6847673580778615,2.4782888338421487,5.5942559331765045,0.5142662587194957,False,,,
1.7853032697133466,2.605435681901954,2.859653390329701,0.5264312354120693,False,,,
5.3037546127886355,1.9150417339669537,4.249614537316352,0.4111540820195069,True,15.560335206770475,380.7890573397018,0.04176373413453588
2.5682061529290308,3.41763409533707,5.91960443481551,0.41972688284153536,False,,,
3.804302616668823,2.413718363997237,2.7174873039810867,0.5006173831321451,True,12.80354860018238,255.19969361988004,0.14155600018641049
1.945695560601499,3.2816354712241966,5.115245325235032,0.38558608004305883,False,,,
4.062161373161947,2.1792359682683977,5.170975334128812,0.4214840458207795,False,,,
4.509949276043407,3.190153534481001,4.513148498032684,0.4044117319516918,False,,,
5.204539150953256,2.516098120905277,5.196964598295156,0.4687430314628362,False,,,
3.35077952021677,3.3381113845621164,3.6930090728416824,0.5408659252642319,False,,,
3.3356197299743293,3.403243402360383,4.941414097586364,0.5863314837405322,False,,,
3.161486256093037,2.50267667569236,5.981904358648928,0.4790870429228766,False,,,
3.2086487405357245,3.311682035016547,3.3754557929091695,0.5894376841327531,False,,,
4.818484046441719,3.192778549760163,3.5214722564465095,0.5523314104100281,False,,,
5.611824477183475,3.5202431353515786,5.693013264396662,0.37304776815859014,False,,,
4.757877879880163,3.692504132048393,4.166592823854567,0.3700356296505073,True,11.63885307873679,208.92641354142995,0.08879188991776754
3.8043690732907196,2.2578388688009725,2.614109750302965,0.5839491054302334,True,19.92533939117043,286.5774905870126,0.16407493975618095
5.195095687744382,3.1592665735346652,5.119779814816823,0.5178613619791514,False,,,
3.4216023333363803,1.9789244767677676,3.5105991219939856,0.47651753314402756,True,13.385994884487085,234.6657713944636,0.05673514614755093
3.9940083450655903,2.3934634988071646,2.945268379296788,0.43558647806514106,True,11.415380360228124,253.935939322797,0.13290956931084438
2.091045408073381,3.840327711309027,3.2733685462313766,0.4485154132652467,False,,,
3.8009383727070567,2.280277958425527,4.23215675451775,0.4881793625909805,False,,,
1.4357073109465983,3.8790598712017763,4.382905189996777,0.3865126222492107,False,,,
5.915606326674991,2.086958402505836,5.046076660592945,0.4706110433895758,False,,,
2.4362426118700173,2.573125534457943,4.1841867610044785,0.4427298501991984,True,15.64706204475911,147.5425821621287,0.120159168608234
2.3857021371091345,2.65698891808126,4.0253102206942994,0.5219376956629272,True,15.782425133839675,149.62376857200772,0.04980608874211989
2.148254748698402,1.804602499001684,5.418190465843392,0.36732348638447865,False,,,
4.2308814479601455,2.9626019389574103,5.912607799552149,0.39748198748707475,False,,,
5.460845054266766,1.9996797786635923,3.1002692015943976,0.5134504050538723,True,19.599338502208766,471.74733639737235,0.17378624103853338
1.9951994199106775,3.0489728975313657,4.862551818870832,0.38135827309091175,False,,,
4.992756017447414,2.6731085789249276,5.884706111075711,0.3528590133871934,False,,,
1.577268032605071,3.126311738900074,3.400230832200517,0.4506718761171105,False,,,
5.5626284522301805,2.4908330108392946,2.6793656633380585,0.38575694427080437,False,,,
3.8667188749335,3.481983857909697,5.152198933101852,0.4678873954054832,False,,,
2.3502314724692526,1.9955692665541684,3.281398181817471,0.4000936033122822,True,23.16452296539977,161.25269271499434,0.1411402267980471
5.555614142965428,2.6378305603105487,2.908398420790867,0.5095371262776623,True,15.970507581586691,392.767813317581,0.1612161394081147
3.3947298811627022,1.7668820599291342,5.92916328155099,0.5865735405593968,False,,,
2.460426846099572,3.6158758108734146,4.092867651490555,0.5184177260865729,False,,,
4.336095289824502,3.3833487305701055,4.0417356767477965,0.38664495313942054,True,12.081173711329289,202.9094505179543,0.08396256921286083
5.060641533566559,2.7129696580817932,4.047194500371171,0.5398142849871248,False,,,
4.489840552693173,3.9746516874864963,3.857722874119019,0.5087157463014402,False,,,
1.60208568359817,1.958868272744078,3.3914504174654585,0.4199866818463852,False,,,
3.341759430592137,2.226271656715522,5.776484303808051,0.4569986849401704,False,,,
3.035292487741116,3.774678375758473,5.285005838651992,0.542544628679615,False,,,
5.587673184715591,3.394107131834813,3.569657771055649,0.5903326841834278,False,,,
1.3303050679971467,3.763332494339589,3.967957063545006,0.43441610618680415,False,,,
3.477969916890368,2.6195484268847316,5.511545476080628,0.5515262061929485,False,,,
4.783971498622151,2.235225035659821,4.039624325024702,0.36876130580281696,True,16.415664137506567,287.2952548975568,0.10740057602140718
4.764022009638711,1.7969463192495545,3.885813519284288,0.3877783364875248,True,17.62616767659243,345.2171520308715,0.13259837548938908
5.289901019628145,3.8126297134113223,3.513284186436181,0.5680998236619914,False,,,
2.054571037251104,3.3356213589963644,3.377328415247125,0.46138089502971247,False,,,
4.132841655858942,2.507643402326157,3.192457979005814,0.4969640790511126,True,12.540731544805737,262.3004651087999,0.10344368000203819
5.010991913555455,3.990378224852075,3.628101738093445,0.41440422762969614,True,9.655458420267468,225.67742799220233,0.11052671940253633
1.5668715964310618,2.1708429701505647,2.590767020309454,0.4124231286449283,False,,,
4.684728203923503,1.9638081142682362,4.762206638643571,0.4237230659996354,False,,,
2.2985296517112612,2.812253750536726,4.026836075156314,0.4616966445679136,False,,,
1.7644318807357255,2.9985887736931427,5.657372576142211,0.35232232069890224,False,,,
1.5887762793547229,3.047690092380264,3.614967834842391,0.41297878655925435,False,,,
5.9421967710092485,2.4088311357735392,5.72299794826699,0.5042049549542221,False,,,
1.345394521236285,2.3115565828279614,2.76507597171464,0.48448585116896165,False,,,
5.5599845842490785,1.8210303405767625,2.598095121158206,0.3573314995533264,False,,,
2.510324202284964,2.0822943332199353,5.888984649232768,0.5437617596903858,False,,,
5.708558432344524,3.0336578680528046,5.3737219369884315,0.5272175309039977,False,,,
2.6021430116645923,3.201155849513263,3.512398652715983,0.4660608604837504,True,13.11338190312728,147.58099288788677,0.17026829982015582
5.149025394276145,2.207617387992789,3.112164679069318,0.562894604301829,True,19.926649390920055,414.4721515320267,0.11214143180170005
3.4233691683348586,2.0998017682008334,3.612430080666023,0.42014212902179615,True,10.509451510350372,216.10351181697163,0.10272789649926539
5.501847414345477,2.7873782356347716,5.72065820801261,0.4675700821089221,False,,,
5.709167604134518,3.808049612632614,4.486522280182285,0.5465904481781249,False,,,
2.5782985179101154,1.9655869069878182,4.614789166159705,0.36379771330522936,True,32.23815599760586,161.7157647651209,0.09162476406231956
3.4439921341304127,3.1260489103115368,5.186514161873666,0.5741645023437031,False,,,
2.179585203169397,3.6905572959508772,4.237008030117308,0.5056959755894931,False,,,
3.417583391183877,3.649907581335881,3.5499997520621673,0.35203141880468913,True,10.450581375943113,160.58611176123722,0.10038464253215679
5.180196403276696,3.221780165697173,5.0077716642956185,0.38104845993988257,False,,,
2.1895930998256556,3.1384972809200304,5.115076207751196,0.5152873635123518,False,,,
4.060776619223869,3.206016259407074,3.0173678919394615,0.4626790028095207,True,9.923236868823317,219.57936905044227,0.17155227924282304
2.781629559922917,3.3932476641953193,4.310934811068098,0.5300138508491847,True,13.212991515505976,151.2507281774042,0.027596544895547526
4.535178811378619,3.781977688576544,5.496776751879616,0.36290653476325485,False,,,
4.405150177287049,2.5589828569514235,2.8529980105578265,0.4695796956534105,True,13.197827040570418,284.0075322060601,0.13531878051963905
5.247489669331126,3.5317357972983396,2.87030794125847,0.40058268425278154,True,10.626712844641212,271.5854185589591,0.08137407330694243
4.5357072772606255,3.926850648553535,2.7701358317140694,0.3721864527214273,True,11.889986994846574,214.17226305184053,0.038748606031291884
4.5389954227006015,3.116733474358535,5.338794911660767,0.3995672474210117,False,,,
3.5724282007337225,3.5420844657461283,3.8383339066541877,0.44989955182060093,True,8.668448108156388,174.50391147557013,0.0735198408600784
1.3575980297315664,3.5349935482030785,4.063113053310922,0.4444991016588572,False,,,
4.34597256689376,3.6617695118811064,5.531909666009855,0.4356122215308349,False,,,
4.119758474374835,2.5911713951969317,5.435969628505884,0.5483936650094349,False,,,
4.376341194436664,3.594115031778753,4.284331307352639,0.492758295773616,False,,,
1.9806582746687391,3.3282160959006983,3.5085937010178156,0.49045507820506007,False,,,
1.209942408282874,2.6140453105952446,4.655350375631304,0.5076799551201785,False,,,
3.905987169615419,2.279642831738037,4.790330992056959,0.5153065424959615,False,,,
4.031727313256887,2.567244801055599,3.032308274024229,0.4891511357334471,True,11.651372841918173,252.81739663685593,0.15005818723825978
1.4491212090490344,3.8073113501004383,3.73406899887737,0.4207287220550008,False,,,
3.3632838854421867,1.9388266234649831,5.59461382686111,0.5948928722238114,False,,,
5.15159325833847,3.019672217317807,5.792552524704453,0.43260260317626326,False,,,
3.4325544450244956,2.0945381349632335,3.98650930393406,0.5818992285301238,False,,,
4.384201635533308,2.955075877099804,4.375933549189398,0.5087618646736746,False,,,
4.127533320529377,2.740791813494801,4.287940774103301,0.3753353055860959,True,13.843196710459381,211.2518715244138,0.05826254839460704
3.3285291427517447,3.25192233773208,3.281703862070091,0.4192301771152065,True,7.872792636609049,172.7380405492814,0.1658870510043331
5.063156036052239,2.0125358965722526,3.1841162117174235,0.5546225593367446,True,19.808120814559334,429.77327665163875,0.11289246090789617
1.780551915584327,2.391189162033286,5.686259147726632,0.45323316798937846,False,,,
5.1239439323452505,3.458510928910693,2.569904793288754,0.40490166522735505,True,10.50797179846333,278.3095634362217,0.016586446993967302
5.576980962906781,2.4390029056231213,3.913640043463096,0.5836990443025906,False,,,
1.7265126658964134,3.934843692134952,4.763519553100131,0.5071312575564959,False,,,
1.2040595309420292,3.1506639025044887,5.377488814786217,0.4485173239967445,False,,,
1.55090608616439,2.0037004287543745,2.77155542424923,0.4537451585379496,False,,,
5.121921267238293,1.8349944684046609,3.920141009236226,0.450208201253711,True,15.865799816920262,399.4242855366535,0.0519081514788588
3.1107422465791403,2.911485000111804,4.373421725016321,0.4010152614189577,True,9.572909293735599,161.6863416831421,0.0883086044331578
5.013356712982352,2.889178932538883,3.7322868195993992,0.5910300525317917,False,,,
4.588011306717398,2.074959734949421,5.8920371761572445,0.49456432947776385,False,,,
2.8333307764978772,2.2461040404653665,2.7374514957345406,0.41098300513070374,True,15.99367107011394,185.18321226870026,0.0689898488915576
2.5872981465929916,2.4915020164645445,5.957902032408833,0.49811138096460306,False,,,
2.122417822819515,2.552351522175826,4.013324406756251,0.3707870405914536,False,,,
3.4483010806442853,2.8690653331946923,5.683643448064384,0.4583068425314638,False,,,
4.505615760120887,3.263225882844786,3.1123608590985716,0.49179490150059624,True,11.953883135067475,247.15610642567648,0.1256822978638475
3.355325463215559,2.0741255070771136,2.583759632967894,0.5989593697981366,True,28.63641822917935,264.2126667184928,0.17629053242288045
1.6344522537657629,3.739202075769142,3.782879544694078,0.3704256489377479,False,,,
5.830170928309203,3.218613319471844,3.915879432056858,0.5594893798649961,False,,,
4.597022331485057,2.655779014451414,5.012495624770667,0.5344588243548858,False,,,
2.026500303469793,3.347626464046721,5.707976673662702,0.5219109806114146,False,,,
5.036886451320115,3.9769472469754454,5.287266910452336,0.4674421818820428,False,,,
3.898355359703694,3.463686391730607,4.713189491910043,0.36772910659725005,True,11.13435238050107,174.46533159925028,0.07203124552389784
1.488755918535022,2.3270887398578948,5.363933052929542,0.40540010276555494,False,,,
2.7312458445021535,3.5931777620097027,2.951262709240279,0.4199581568408194,False,,,
2.4308209633977484,1.808941736868069,5.099184581148472,0.43015416271157414,False,,,
3.156544006690339,2.4659749434899867,2.730372027165286,0.5612103975508071,True,15.452349758711286,212.23680248789765,0.15209932246700691
1.8455829956125107,2.3567045277053755,5.0228781235955084,0.43709156386264747,False,,,
3.6326770932482075,2.459437510500939,4.460599476697486,0.429329054882169,False,,,
3.3908284570321245,1.7204476583862254,2.5531998292673066,0.47672336407235527,True,14.357804473405668,279.83344540701853,0.05280405211562723
5.121707850294684,3.9968191224843657,5.311056995421416,0.48110485918006707,False,,,
4.292823710273136,3.2442366403714415,5.053662908129765,0.597958570224168,False,,,
2.849646384163529,2.726605087246796,5.226419385733214,0.40400544731866156,True,13.93790393082525,152.7333476115748,0.04440015762503591
1.6605613563441015,3.76754797426582,2.5558319961976856,0.5734838308451629,False,,,
5.5911276775523016,2.0809039291832,5.143104686536775,0.4222071596284222,False,,,
2.501207285590342,3.962339067065279,5.604403613802852,0.5410900189879679,False,,,
3.29317239770539,3.9675011925747685,4.496703916704865,0.5950112708643995,False,,,
4.662653997668885,1.8076688717646174,5.293722832001237,0.5594945415665448,False,,,
5.4292208354614875,3.1307209275745604,2.631653469240172,0.5668703966943758,True,17.1124151499426,360.29388926565747,0.14446573307008664
3.225536789356441,2.1521363375933737,3.2296813943885527,0.40039064454302203,True,10.655158869831295,203.56642919881187,0.16068280227581455
5.1151242565949175,1.8671773137233727,5.713831681524426,0.3542178102647238,False,,,
4.669882390316281,2.230326974074079,4.301787820559385,0.3943243939833845,True,15.300503491077698,280.3801531410718,0.021911513409446692
5.518536119406862,2.058558424127215,4.133928218484984,0.5021432862603771,False,,,
3.3753983752891448,2.1972446243919306,3.514940921213027,0.5836265930899251,False,,,
1.801086448659779,1.7404249868792214,5.680512173168842,0.5715551400935399,False,,,
4.488797384767203,2.7855145243286765,5.831793045576144,0.45328328364006953,False,,,
1.2622845044995847,2.7009920877724904,4.352239103147868,0.4870754688289629,False,,,
5.463220572006458,1.8557839103187959,5.48950867560627,0.4805747507507714,False,,,
4.714481759121403,2.651595643535495,3.53653129338905,0.43392508466116886,True,12.532041110661853,275.8063056280176,0.103950231599858
2.5176194834550265,2.743181332851371,4.592490047950898,0.5577359524637575,False,,,
2.0372537511287567,2.7351598805032924,4.362317793985039,0.5545438013019177,False,,,
4.609016762982263,3.133314196692362,4.860218675044445,0.46204027703166195,False,,,
5.071264320407803,3.625936548186908,4.481792045998586,0.3792532220944121,True,10.80359473592897,223.56173179385115,0.023902440932695612
3.2458903356545057,2.308835244440618,3.171284096583552,0.4241740973612853,True,9.417384314939333,200.9521345487252,0.17524934189214098
5.1328360781925895,2.4999223122617757,4.003808707832022,0.445694801585498,True,13.164511275670765,313.1731571763939,0.011856066895940653
2.0860712406860165,3.0141478895524374,3.9585658649580937,0.5841474200360249,False,,,
4.1685997499325405,3.9493679329569167,5.506105114551243,0.4726919422963828,False,,,
1.2787077135863678,2.189746141772682,2.917678917933631,0.5343918175079881,False,,,
1.8612318159328398,3.1837979555578664,3.6288778895440976,0.4701298208039415,False,,,
4.832098982701056,2.3861780136337436,3.1010306541057773,0.42200974736675323,True,12.901643265645603,316.0987339646907,0.1313636983978087
5.729397373007844,2.9715193639075945,3.5049319093663565,0.3864291365300395,True,14.29999331342427,317.2779068668987,0.17968896248168517
1.5274627465141928,2.468216698516463,4.649038413127608,0.4642049936032861,False,,,
5.098658823203246,3.9878233431228205,4.49580895472705,0.4362334896514357,False,,,
5.014637822013815,1.9040438794135575,5.158474465653788,0.5704164364819133,False,,,
4.9251948600566955,1.9269377806916788,4.533707553539976,0.5505498528789701,False,,,
3.1756014067435694,3.6413092304378427,3.0810191387020884,0.48218453383057513,True,8.122892111238398,165.58715595578107,0.17537373017879104
3.87933532488312,3.512984821223926,3.9420764025797115,0.41456312784213134,True,9.030667535497363,183.37978838278687,0.0840796542614366
4.618193955113274,1.962754052210545,3.7874962795526272,0.46701037496176023,True,16.01392004578998,335.2760632777123,0.04330562485885392
4.981422958520649,2.6769605276422483,4.467672441373483,0.5195795079386145,False,,,
4.442662980882761,3.9160837634448016,4.1211360276179905,0.4929418057237446,False,,,
1.2931503281709493,2.1412652448056915,3.370726519244374,0.4027985548652301,False,,,
3.691729685799224,2.1584504954857224,4.495149391310382,0.556460369036983,False,,,
1.5486209030188414,2.25866924264454,4.238467951317746,0.3615385430011223,False,,,
1.887637340000112,3.0224453972596743,3.898277582219044,0.57592812039858,False,,,
3.9381094816611593,3.441293945512463,3.7105480232543435,0.44426909702602635,True,9.14581111596548,193.48984932702476,0.06962540628407071
5.296560717713108,3.115177179059095,5.700645721332866,0.4131014144127547,False,,,
1.7501251334935273,3.257653160500277,2.937848006036341,0.3689957275453574,False,,,
3.0740017477710087,3.278946962162852,3.7612629596371807,0.5382665101787192,False,,,
3.3854127643878043,2.3552997147508257,4.369976016441916,0.5011288838199816,False,,,
1.9197104668553544,3.06058636907858,3.0897938114670667,0.5920433065060636,False,,,
3.751362415606842,2.172505664747821,2.648866654227063,0.40363434637851725,True,11.764529365773871,253.93228052145628,0.03226084016583906
2.7278512395892776,3.019005252503751,4.822382338635021,0.5278976342132969,False,,,
3.3173253635111797,3.1494555640568995,4.43745571246832,0.4241201228511466,True,8.052223963090796,166.20499204817773,0.03882730969320136
2.2511217872781466,2.6183062781093214,4.913683072084043,0.3836227021174412,False,,,
4.252703475361041,1.747688681954351,3.142900875075773,0.5174490045862763,True,18.346435868062926,362.04459104734514,0.13777320376405566
5.078823997146875,3.4645558579193154,4.8922297232926635,0.4135220244745207,False,,,
5.941654170298725,3.082228683115134,5.685437111113622,0.5841129183880076,False,,,
2.34562810712289,3.930557399694479,2.7842303828149024,0.5093401539465655,False,,,
2.4320986025207163,1.916399777323579,4.4930259999871565,0.40313880933420765,True,24.60288021375827,159.80636876007276,0.051233577310237144
4.974722175319625,2.7616671323236233,3.444193429647394,0.3529466345040113,True,14.536902972530122,271.337935257795,0.13501790316411433
4.5216332108028485,3.1639366717242887,5.318187176473812,0.4458005788009308,False,,,
5.591553619719709,1.7542638727918056,5.715864245698225,0.5411779241320055,False,,,
1.6913886864454268,3.970430515391263,2.8142013347907846,0.5377684438436879,False,,,
2.3730334725284834,3.2892640004722766,5.429585405642346,0.3794846841267474,False,,,
2.7577420723360464,3.7589390274997023,4.1711891773807,0.3882707650632481,False,,,
1.6169140763227356,1.9829038244312063,2.870291943787186,0.43921846498113204,False,,,
4.92763064962079,2.74171511911318,2.8442212868500745,0.4381482262273685,True,11.705685824612804,306.42337643363425,0.09713542266701589
3.521778263217263,2.7308494793553044,4.744412037542365,0.520148359672026,False,,,
4.789325012788674,2.9324966537134602,2.6048139525119183,0.5424099921229428,True,13.924061811588594,312.70263457888325,0.1265656730099052
4.95901427071365,3.3776426313412107,4.031453459145747,0.5717231953608117,False,,,
1.6623845856188277,3.402359769297634,4.5870916664869785,0.5250360688147683,False,,,
1.5228411250001521,3.926728014865585,2.6058152907373255,0.3942197430441845,False,,,
3.6797607367052776,3.0176693968876687,3.1227696996137837,0.42185716383218663,True,9.217295200601127,198.28476397877486,0.1599574948323534
5.592691709895537,2.439039790343139,4.0582548186789955,0.37787812448188396,True,16.17481113532424,335.14037349981413,0.10578535490437951
3.9309074981624645,3.3121286268634216,5.093065295420856,0.4081529873256076,False,,,
